"cl","rep","(Intercept)","median.trans","rep.prop","median.trans:rep.prop","df","logLik","AICc","delta","weight","res.physig.p","intercept.p","age.p","rep.p","interact.p"
"Total","total",0.991102966174448,-0.383964454237309,-0.868193053864339,1.13022851147434,5,24.8581300201737,-39.084681092979,0,0.963859787868931,2.62563618375774e-05,6.59468191608936e-22,0.0103186792123682,1.98153449317891e-05,0.00095718992279376
"Total","total",0.781242441493043,0.0405901624304346,-0.282807796980567,NA,4,19.1498411405263,-29.883015614386,9.20166547859295,0.00968049558201073,4.54022219970539e-10,8.66113789139921e-27,0.620210570871942,0.00321141825139274,NA
"Total","total",0.797949121932082,NA,-0.275144743401924,NA,3,19.022649391685,-31.7978761029575,7.28680499002145,0.0252176296890336,2.59876440865646e-10,4.14779389249302e-36,NA,0.00350449162285597,NA
"Total","total",0.693170983338621,-3.12785706363486e-05,NA,NA,3,14.652575654918,-23.0577286294236,16.0269524635554,0.000319010776060306,1.82068399640684e-12,1.31415520839416e-27,0.999702849740652,NA,NA
"Total","total",0.693155860201333,NA,NA,NA,2,14.6525755838094,-25.182702188027,13.901978904952,0.000923076083964138,1.82138820787593e-12,1.04100277989091e-55,NA,NA,NA
"Total","total",1.00142471270767,-0.141660721735517,0.11392294833627,-0.524145876707849,4,27.6676682660684,-46.9186698654702,1.65702776894558,0.234484164492786,NA,2.29985131383614e-05,0.458254873042514,0.547139413059837,0.144638878245178
"Total","total",1.07753859870778,-0.383025357799883,-0.0839214538979099,NA,3,26.554130025899,-46.8608373713857,1.71486026303012,0.227800856241532,NA,3.94318099616875e-06,0.000142383075660613,0.529210410286016,NA
"Total","total",0.903826401175075,NA,-0.191547139108286,NA,2,19.0598038369644,-33.9971586943371,14.5785389400787,0.000366642680150192,NA,0.000171490003224362,NA,0.17252566102057,NA
"Total","total",1.04451601092255,-0.395518458928291,NA,NA,2,26.3490733070038,-48.5756976344158,0,0.536948368189581,NA,3.82596109016475e-06,6.07276817516933e-05,NA,NA
"Total","total",0.811666422401974,NA,NA,NA,1,18.10577915103,-34.171154261656,14.4045433727598,0.000399968395951706,NA,0.000420419945207584,NA,NA,NA
"Total","line",0.92290809174901,-0.21726823418429,-0.543538080379419,0.489741108876536,5,23.864618442205,-37.0976579370417,0,0.401204763966536,1.50730808585999e-06,1.37459613979501e-23,0.041423790842566,0.000679990275788454,0.0684415564279442
"Total","line",0.834606825962403,-0.064687718563581,-0.291932329858846,NA,4,22.1272548142304,-35.8378429617942,1.25981497524752,0.213698136621457,3.71816511757919e-08,6.62708184238099e-30,0.326164398806327,0.000146086968860193,NA
"Total","line",0.796879301670863,NA,-0.275716364338002,NA,3,21.6279263797738,-37.0084300791352,0.0892278579064865,0.383698850476653,8.25741560323309e-09,8.79995304339374e-43,NA,0.000225420875827181,NA
"Total","line",0.696600646271337,-0.00704570034182899,NA,NA,3,14.6579772542275,-23.0685318280427,14.029126108999,0.000360562082748764,1.78933955309486e-12,2.75896836460995e-32,0.918244449805161,NA,NA
"Total","line",0.693155860201333,NA,NA,NA,2,14.6525755838094,-25.182702188027,11.9149557490146,0.00103768685260518,1.82138820787593e-12,1.04100277989091e-55,NA,NA,NA
"Total","line",0.827655901442384,-0.0196701573907017,0.233486501308463,-0.437881892663576,4,19.9771776364095,-31.5376886061523,3.26791809085979,0.068805010748941,NA,0.00144397191273171,0.929228715988087,0.484831296716404,0.327247789209104
"Total","line",0.924496334053425,-0.170221881621015,-0.0290116410223114,NA,3,19.4749296163677,-32.7024365523231,2.10317014468899,0.123180473722489,NA,0.000132913775512833,0.288207107256596,0.884647546601709,NA
"Total","line",0.86736157971181,NA,-0.177820757118382,NA,2,18.890705574737,-33.6589621698822,1.14664452712987,0.198723290047545,NA,0.000222468526490882,NA,0.215958691753216,NA
"Total","line",0.925283019081985,-0.186422174468038,NA,NA,2,19.464027838302,-34.8056066970121,0,0.35256521716389,NA,0.000120968000644206,0.103594096742632,NA,NA
"Total","line",0.811666422401974,NA,NA,NA,1,18.10577915103,-34.171154261656,0.63445243535611,0.256726008317135,NA,0.000420419945207584,NA,NA,NA
"Total","sine",0.860404568879972,-0.183152425653873,0.499775158514411,-1.02901372907469,5,29.3149607482987,-47.998342549229,0,0.638294532542076,0.00277320021445077,1.02693083968051e-31,0.0106851785736629,0.246628829191029,0.0702364602436604
"Total","sine",0.895003010179117,-0.234392044426129,-0.268291702872377,NA,4,27.5998481021611,-46.7830295376556,1.21531301157341,0.347631607798394,0.00123162800511277,2.06858789687743e-35,0.000521391503862072,0.00338832040471989,NA
"Total","sine",0.754448308519248,NA,-0.344493445666359,NA,3,21.3654196430836,-36.4834166057549,11.5149259434741,0.00201644660278167,1.2799053976307e-07,7.7412992531159e-51,NA,0.000296199800932495,NA
"Total","sine",0.877931199723211,-0.281027524191946,NA,NA,3,23.1531742283423,-40.0589257762723,7.9394167729567,0.0120503227051862,8.42989975706334e-07,7.10601724294113e-34,4.65967953783179e-05,NA,NA
"Total","sine",0.693155860201333,NA,NA,NA,2,14.6525755838094,-25.182702188027,22.815640361202,7.09035156216102e-06,1.82138820787593e-12,1.04100277989091e-55,NA,NA,NA
"Total","sine",0.840659930869778,-0.0552235335007681,-0.364943757717624,0.672616282256805,4,18.4895643035486,-28.5624619404306,5.6086923212254,0.0302365208674815,NA,0.00129409371895095,0.739872761657474,0.693849445285715,0.57453240328837
"Total","sine",0.808837652218089,-0.0160962771035146,0.141167410878404,NA,3,18.3246397297644,-30.4018567791165,3.76929748253954,0.0758492572472418,NA,0.00142842000431909,0.914807388352028,0.515714202567033,NA
"Total","sine",0.798101058834166,NA,0.136994131442142,NA,2,18.3187123848215,-32.5149757900511,1.65617847160493,0.218177165566672,NA,0.000567915300291988,NA,0.519275871110248,NA
"Total","sine",0.810622755158203,0.00150667279096406,NA,NA,2,18.1058325906531,-32.0892162017144,2.08193805994156,0.176342411465461,NA,0.00134846825442425,0.991854093259771,NA,NA
"Total","sine",0.811666422401974,NA,NA,NA,1,18.10577915103,-34.171154261656,0,0.499394644853144,NA,0.000420419945207584,NA,NA,NA
"Total","ltr",0.834913842402473,-0.144183849663077,-0.937255341560304,1.60950838212851,5,25.6940650640494,-40.7565511807305,0,0.888765784504093,6.9642475653749e-06,1.92596442398973e-15,0.32311186797917,0.00185749506966808,0.00812998486289586
"Total","ltr",0.64826540658043,0.193808871291666,-0.192761896978135,NA,4,22.0286014997328,-35.6405363327989,5.11601484793154,0.068842846316985,6.45603660409248e-08,8.94601148872172e-20,0.0123649370874606,0.0631335322837571,NA
"Total","ltr",0.767699996086964,NA,-0.286057236685582,NA,3,18.7875262168431,-31.3276297532738,9.42892142745664,0.00796751800867552,2.23077429937805e-10,2.58482753761789e-42,NA,0.00451139334615766,NA
"Total","ltr",0.572994193402542,0.244825067512234,NA,NA,3,20.2401271151638,-34.2328315499152,6.52371963081528,0.0340548999193462,8.55865142743168e-08,1.72190633663455e-25,0.000962088140582484,NA,NA
"Total","ltr",0.693155860201333,NA,NA,NA,2,14.6525755838094,-25.182702188027,15.5738489927034,0.000368951250900511,1.82138820787593e-12,1.04100277989091e-55,NA,NA,NA
"Total","ltr",1.07133684278565,-0.399756829634289,-0.114994818558096,0.0372665208547582,4,25.4011846807491,-42.3857026948316,4.00352663142224,0.0874490969913081,NA,7.79847205745199e-06,0.0140714341272346,0.775664180193796,0.950128634814578
"Total","ltr",1.06801382834725,-0.393535045844894,-0.0922964006356556,NA,3,25.3991375443632,-44.550852408314,1.83837691793985,0.258173472278514,NA,4.30793759664816e-06,0.00212641907812339,0.598892708423085,NA
"Total","ltr",0.880850757346362,NA,-0.353582203889784,NA,2,20.5114810017236,-36.9005130238554,9.48871630239842,0.00563198547547123,NA,0.000124972820511493,NA,0.030295164764359,NA
"Total","ltr",1.06881718907727,-0.424686998002588,NA,NA,2,25.2558391529228,-46.3892293262539,0,0.647306683776645,NA,3.89738294392927e-06,0.000188020359396024,NA,NA
"Total","ltr",0.811666422401974,NA,NA,NA,1,18.10577915103,-34.171154261656,12.2180750645979,0.00143876147806184,NA,0.000420419945207584,NA,NA,NA
"Total","dna",0.848246041799697,-0.181130234053738,-2.4037714477202,2.9349053557752,5,28.9729759935944,-47.3143730398204,0,0.999970941427109,4.6382171097822e-05,1.59540004257172e-33,0.0592890738320197,7.54592012142522e-07,1.98291767479831e-07
"Total","dna",0.698907706673602,-0.042856950112217,0.0696809649109623,NA,4,14.8193387180649,-21.2220107694632,26.0923622703573,2.15825573157944e-06,4.20242517514807e-12,1.03039076169397e-29,0.683731344214578,0.570463575552352,NA
"Total","dna",0.685746552426191,NA,0.0342914908964288,NA,3,14.7333833335066,-23.2193439866008,24.0950290532196,5.85892987871664e-06,2.52550387444864e-12,1.04323619423979e-43,NA,0.691359795848397,NA
"Total","dna",0.69344863679565,-0.00060302248693502,NA,NA,3,14.6526095854549,-23.0577964904974,24.256576549323,5.40429076577153e-06,1.82424896508574e-12,1.6238131177011e-30,0.99350228808873,NA,NA
"Total","dna",0.693155860201333,NA,NA,NA,2,14.6525755838094,-25.182702188027,22.1316708517934,1.5637096515163e-05,1.82138820787593e-12,1.04100277989091e-55,NA,NA,NA
"Total","dna",1.09215509581928,-0.18155114547462,-1.56715180546578,1.39032978291485,4,21.8852178483582,-35.3537690300497,2.44279170073253,0.153445251486673,NA,5.08894303816732e-05,0.416409179424962,0.0681274448125022,0.193096219269902
"Total","dna",1.03115482175589,-0.0556333718429085,-0.495699574072806,NA,3,20.9988254685469,-35.7502282566815,2.04633247410072,0.187086943794839,NA,0.000100229196996482,0.782908692896707,0.0349239459868818,NA
"Total","dna",1.00277898735202,NA,-0.518173169935448,NA,2,20.959504855187,-37.7965607307822,0,0.520473870451452,NA,3.54278435872324e-05,NA,0.0183085467960677,NA
"Total","dna",0.947958837308522,-0.206804883442225,NA,NA,2,18.6946039733935,-33.2667589671951,4.5298017635871,0.0540461766411732,NA,0.000345904064404934,0.283859104087761,NA,NA
"Total","dna",0.811666422401974,NA,NA,NA,1,18.10577915103,-34.171154261656,3.6254064691262,0.0849477576258626,NA,0.000420419945207584,NA,NA,NA
"Total","rc",0.659565848883384,0.129842726951936,-0.470143938488726,0.265818821768974,5,15.8759295674565,-21.1135612625727,3.04734317525102,0.0739603242761657,2.82245561733385e-12,1.94484808750076e-36,0.0865029749842128,0.687478002154452,0.843040714126085
"Total","rc",0.658317221135818,0.130636517043335,-0.241287932525179,NA,4,15.8554030453645,-23.28975345915,0.871150978673718,0.219559856319239,3.06468179189663e-12,2.21322130479216e-37,0.0826443689540285,0.157209197460637,NA
"Total","rc",0.697088113772074,NA,-0.0781757854433703,NA,3,14.294763443738,-22.3395268874761,1.8213775503476,0.136525526359928,9.50727047267675e-13,1.90933055100984e-51,NA,0.585584699114134,NA
"Total","rc",0.664846100924181,0.0722814337700691,NA,NA,3,14.8187072666592,-23.3874145333184,0.773489904505304,0.230547156808024,1.25450518876601e-11,4.2419021171062e-38,0.250770924004603,NA,NA
"Total","rc",0.69207987984142,NA,NA,NA,2,14.1423078890149,-24.1609044378237,0,0.339407136236644,2.75270993432334e-12,5.80555338699742e-55,NA,NA,NA
"Total","rc",0.984027640496609,-0.105275127173251,-0.0696734328534632,-0.478397969473129,4,26.2701145919639,-44.1191765523489,2.62543258675615,0.132775850803557,NA,1.44553363625732e-05,0.272499957229675,0.947227138711841,0.690942126023107
"Total","rc",0.987941679622542,-0.112899005161412,-0.483439761971095,NA,3,26.1873580091359,-46.1247160182719,0.619893120833169,0.361923226234859,NA,1.20849150131441e-05,0.227935077106946,0.00313898053006056,NA
"Total","rc",0.930959924285662,NA,-0.577257397724758,NA,2,25.4341602396556,-46.7446091391051,0,0.493428846699759,NA,2.31071331868726e-05,NA,7.76719342225896e-05,NA
"Total","rc",0.980464037066707,-0.249485209790757,NA,NA,2,21.6669358866533,-39.2101604331005,7.53444870600458,0.011406168602331,NA,2.7613989244113e-05,0.00403681819167678,NA,NA
"Total","rc",0.811721323776938,NA,NA,NA,1,17.4275662452082,-32.8143161638858,13.9302929752193,0.000465907659494062,NA,0.000449182729924669,NA,NA,NA
"Mammalia","total",0.583428622352901,0.00843932361069276,0.277618858802064,-0.58547847712023,5,16.609752278218,-21.719504556436,2.65866903551795,0.129536186953443,0.000142259539163376,1.20849246799716e-06,0.978777762094689,0.152456794687196,0.235253641296375
"Mammalia","total",0.684539832740908,-0.331700814851853,0.0903685008111504,NA,4,15.8290479245924,-22.6824860930872,1.69568749886668,0.209652426240537,0.000553593164433739,1.35432968385947e-14,0.0232893420652191,0.418458013842409,NA
"Mammalia","total",0.601918172758622,NA,-0.0330837651578129,NA,3,13.0442474748779,-19.5170663783273,4.86110721362666,0.0430663172382352,0.00012008609258122,3.3412773589762e-15,NA,0.747858691549225,NA
"Mammalia","total",0.70041709815275,-0.277058111845395,NA,NA,3,15.4748010816912,-24.3781735919539,0,0.48945611037604,0.000363797257800583,6.09430140660238e-16,0.0301442773396687,NA,NA
"Mammalia","total",0.587987719432879,NA,NA,NA,2,12.9896120971951,-21.7001544269483,2.67801916500566,0.128288959191745,0.000107393923294227,2.10320171680409e-25,NA,NA,NA
"Mammalia","total",0.769763022208439,-0.0145483621210427,0.229797239666899,-0.527170569819952,4,20.4948565862399,-32.0141034163822,1.51125231793324,0.254586674145263,NA,0.000677760226277524,0.951063074894423,0.10443930961018,0.0999054820770811
"Mammalia","total",0.890201352677823,-0.365536993547177,0.0304688652982512,NA,3,18.9947699352586,-31.4181112990887,2.10724443522674,0.188980774138479,NA,6.53408942621336e-05,0.00213720510513493,0.679187328091254,NA
"Mammalia","total",0.787965083721531,NA,0.00326998806779066,NA,2,13.8941271233674,-23.5091844792929,10.0161712550225,0.00362256332417103,NA,0.000832491865951912,NA,0.967698927825551,NA
"Mammalia","total",0.906939392759222,-0.360237434946643,NA,NA,2,18.9022127508787,-33.5253557343155,0,0.542000814043465,NA,3.11191823869628e-05,0.00208171271179669,NA,NA
"Mammalia","total",0.789946163038713,NA,NA,NA,1,13.8932601595019,-25.6956112280947,7.82974450622079,0.0108091743486226,NA,0.00053393055974138,NA,NA,NA
"Mammalia","line",0.495338812807837,0.275386625390126,0.229701448743258,-0.54681197404727,5,14.5306734032523,-17.5613468065045,4.13880762044375,0.0586299826420261,0.000888394058615896,7.58805174943164e-05,0.322949364247464,0.32782082730601,0.153407369815423
"Mammalia","line",0.631829329251863,-0.073753702339879,-0.0258264913420056,NA,4,13.4012957881933,-17.826981820289,3.87317260665926,0.0669578771088708,0.00011463161498287,1.03855993441682e-12,0.591563975502288,0.867095133177772,NA
"Mammalia","line",0.62744905073222,NA,-0.0803955893828305,NA,3,13.2454983246207,-19.9195680778129,1.78058634913541,0.190634284275297,0.000114929743365509,6.04548293290251e-13,NA,0.486617913638022,NA
"Mammalia","line",0.625538472035103,-0.0888660897596039,NA,NA,3,13.386140753933,-20.2008529364375,1.49930149051078,0.21942254056778,0.000111887058085224,7.78801529297217e-16,0.386470443100339,NA,NA
"Mammalia","line",0.587987719432879,NA,NA,NA,2,12.9896120971951,-21.7001544269483,0,0.464355315406027,0.000107393923294227,2.10320171680409e-25,NA,NA,NA
"Mammalia","line",0.730893814924515,-0.152612429107633,0.289314725010861,-0.280635203407764,4,15.2694298827827,-21.5632500094679,4.13236121862674,0.044719589896682,NA,0.00844354414128379,0.63431451891399,0.404496016192206,0.561666799506253
"Mammalia","line",0.803814626722653,-0.286137427991043,0.144607512428974,NA,3,15.0827700382159,-23.5941115050033,2.10149972309141,0.123450764196569,NA,0.00118534500577017,0.201205504476414,0.544287451541771,NA
"Mammalia","line",0.856264588946138,NA,-0.105844730702068,NA,2,14.1987972919648,-24.1185248164877,1.577086411607,0.160460701455857,NA,0.000546939111984113,NA,0.447133008850889,NA
"Mammalia","line",0.854301167142697,-0.176257589206651,NA,NA,2,14.8838214030968,-25.4885730387517,0.207038189342921,0.318325095344543,NA,0.000254114559312679,0.171057194727116,NA,NA
"Mammalia","line",0.789946163038713,NA,NA,NA,1,13.8932601595019,-25.6956112280947,0,0.353043849106349,NA,0.00053393055974138,NA,NA,NA
"Mammalia","sine",0.539311658958961,-0.0201428323800542,1.67415309534621,-1.95422330676646,5,25.1659746243214,-38.8319492486427,0,0.925394557948402,1,2.25184224695195e-05,0.905170738342889,0.00196864457679847,0.00610796746438618
"Mammalia","sine",0.805097727991565,-0.424121758664992,0.249965169021441,NA,4,21.0003367226715,-33.0250636892454,5.80688555939733,0.0507431897094991,1,1.76543869475641e-14,0.000128314046496622,0.056597510214274,NA
"Mammalia","sine",0.571003986532301,NA,0.0535256052855195,NA,3,13.0664592893744,-19.5614900073202,19.2704592413225,6.05062009012697e-05,9.46809822629478e-05,3.63424757201997e-14,NA,0.703017819661363,NA
"Mammalia","sine",0.833931457228167,-0.351894617063242,NA,NA,3,19.0337938853571,-31.4961591992856,7.33579004935712,0.0236254653613577,0.500566428455215,5.4342526879169e-15,0.000720728409226722,NA,NA
"Mammalia","sine",0.587987719432879,NA,NA,NA,2,12.9896120971951,-21.7001544269483,17.1317948216944,0.000176280779839897,0.000107393923294227,2.10320171680409e-25,NA,NA,NA
"Mammalia","sine",0.911628393613648,-0.253241368448425,-0.734757025547314,1.228821650965,4,14.5494818514654,-20.1233539468333,5.5722572812614,0.0320520333694738,NA,0.0052309685525711,0.422188240680369,0.480763428371491,0.375809210232505
"Mammalia","sine",0.763258661879129,-0.0936403184091432,0.160336877642292,NA,3,14.1148128240637,-21.6581970766989,4.0374141513958,0.069046638044048,NA,0.00543925528306666,0.716283131779541,0.537470837165901,NA
"Mammalia","sine",0.729471321360058,NA,0.129573714430606,NA,2,14.043338363134,-23.8076069588261,1.88800426926853,0.202246475840103,NA,0.00417383696429718,NA,0.594179675862992,NA
"Mammalia","sine",0.81142029674713,-0.0417662805393848,NA,NA,2,13.9090478928955,-23.5390260183491,2.15658520974561,0.176831386655114,NA,0.00201900884688277,0.862805088145019,NA,NA
"Mammalia","sine",0.789946163038713,NA,NA,NA,1,13.8932601595019,-25.6956112280947,0,0.519823466091261,NA,0.00053393055974138,NA,NA,NA
"Mammalia","ltr",0.411342969335876,0.459457658969515,0.456903634377761,-1.03547077934395,5,14.821019186504,-18.142038373008,3.55811605394027,0.0716424036900098,0.00177955383365788,0.0127606970922866,0.098011417120121,0.393067454149965,0.237000706488244
"Mammalia","ltr",0.583823480417476,0.167043823699153,-0.148746215264549,NA,4,14.0461146946982,-19.1166196332989,2.58353479364937,0.116626644418586,0.000690377070542911,3.27414417875835e-11,0.171807310161251,0.358814009070978,NA
"Mammalia","ltr",0.605483592235666,NA,-0.0423436343709398,NA,3,13.0357961797807,-19.5001637881329,2.19999063881536,0.141280861765651,9.37045313315656e-05,5.51158785950632e-12,NA,0.767568219383685,NA
"Mammalia","ltr",0.543279501982826,0.113802735327409,NA,NA,3,13.5904628835308,-20.609497195633,1.09065723131528,0.246020911960114,0.000505853403581646,3.57656866873071e-14,0.286394133729397,NA,NA
"Mammalia","ltr",0.587987719432879,NA,NA,NA,2,12.9896120971951,-21.7001544269483,0,0.42442917816564,0.000107393923294227,2.10320171680409e-25,NA,NA,NA
"Mammalia","ltr",1.04685956193692,-0.52206412970083,-0.0332414837198498,0.0914044830589491,4,17.6557823367661,-26.3359549174347,4.65694013867895,0.0620055740324078,NA,0.00045862043412237,0.133755122982987,0.950785807295592,0.887785530352796
"Mammalia","ltr",1.0232526879036,-0.485089528706406,0.0330863815277264,NA,3,17.6447480509331,-28.7180675304376,2.27482752567597,0.204032764502471,NA,2.55354401530461e-05,0.0315535301956238,0.89872405949905,NA
"Mammalia","ltr",0.86094202153971,NA,-0.328567539313015,NA,2,15.1435498304549,-26.008029893468,4.98486516264558,0.0526287091810561,NA,0.00021334382433924,NA,0.12408728948562,NA
"Mammalia","ltr",1.02168083614092,-0.467495885104551,NA,NA,2,17.6359824117777,-30.9928950561136,0,0.636315401098194,NA,2.05531557968541e-05,0.00779404440210696,NA,NA
"Mammalia","ltr",0.789946163038713,NA,NA,NA,1,13.8932601595019,-25.6956112280947,5.29728382801894,0.0450175511858713,NA,0.00053393055974138,NA,NA,NA
"Mammalia","dna",0.825169939751698,-0.12713211811362,-0.691217126753698,0.50800443788362,5,19.5243352602383,-27.5486705204766,2.97279376273663,0.138053403165934,0.0724200677707831,2.085986595732e-10,0.643615848940118,0.0107583398314726,0.236768460062763
"Mammalia","dna",0.729908813400889,0.114199893661947,-0.45246329222729,NA,4,18.7486627526687,-28.5217157492398,1.99974853397351,0.22456455234694,0.0493415331710257,1.64541610606558e-15,0.540999917965005,0.00949362982741475,NA
"Mammalia","dna",0.747813534004296,NA,-0.374706562971861,NA,3,18.5464464273209,-30.5214642832133,0,0.61035299561477,0.0382121625894536,3.38867304957767e-18,NA,0.00118551217780808,NA
"Mammalia","dna",0.707335026226557,-0.26687383880253,NA,NA,3,15.1087013260317,-23.6459740806348,6.87549020257848,0.0196149566544446,0.00115248213433781,2.26893815545889e-14,0.0452724607389857,NA,NA
"Mammalia","dna",0.587987719432879,NA,NA,NA,2,12.9896120971951,-21.7001544269483,8.82130985626501,0.00741409221791118,0.000107393923294227,2.10320171680409e-25,NA,NA,NA
"Mammalia","dna",0.925463527902637,-0.434536723761044,-0.28610966281601,0.599574292950261,4,14.818665939845,-20.6617221235925,5.03388910450213,0.0381574221052187,NA,0.000848672925850114,0.202190108911149,0.634757857720006,0.42323539266113
"Mammalia","dna",0.830125936958521,-0.234918757186446,0.143429286986747,NA,3,14.4632702228595,-22.3551118742904,3.34049935380425,0.0889803149341008,NA,0.000725457084941317,0.304737796343008,0.602601104076214,NA
"Mammalia","dna",0.789550704828947,NA,0.00136845338136776,NA,2,13.8932775879641,-23.5074854084864,2.18812581960831,0.158317408410847,NA,0.00104280371466436,NA,0.995418979233553,NA
"Mammalia","dna",0.850957585647124,-0.175585411994263,NA,NA,2,14.316573417604,-24.3540770677661,1.34153416032857,0.241748459370075,NA,0.000413063592286544,0.370889783492081,NA,NA
"Mammalia","dna",0.789946163038713,NA,NA,NA,1,13.8932601595019,-25.6956112280947,0,0.472796395179759,NA,0.00053393055974138,NA,NA,NA
"Mammalia","rc",0.790976172254465,-0.367143152436131,-0.397843261299198,0.701117182764884,5,21.3544832427415,-31.2089664854831,3.79215866658652,0.0965970892345992,0.15065982834528,9.45388615789572e-16,0.337496559740847,0.0201761560476921,0.478632487046863
"Mammalia","rc",0.761296972094477,-0.126026443066837,-0.293309480055044,NA,4,21.0763023741165,-33.1769949921354,1.82413015993416,0.258413977243112,0.150456794967381,9.09399329120338e-20,0.464111703230442,0.000346880409615473,NA
"Mammalia","rc",0.751048027175004,NA,-0.306866834304938,NA,3,20.7862768617491,-35.0011251520696,0,0.643310784045943,0.162805010379311,1.32355251148461e-20,NA,0.000122642113975298,NA
"Mammalia","rc",0.627770745611732,-0.287270456477526,NA,NA,3,14.1525253430846,-21.7336221147407,13.2675030373289,0.000846095047197227,0.00122933036534034,1.15597667810703e-20,0.138039873460845,NA,NA
"Mammalia","rc",0.587987719432879,NA,NA,NA,2,12.9896120971951,-21.7001544269483,13.3009707251213,0.000832054429149459,0.000107393923294227,2.10320171680409e-25,NA,NA,NA
"Mammalia","rc",0.868583374544069,-0.266274035798097,-0.243787150030292,0.503155055390758,4,14.5837488648913,-20.1918879736851,5.50372325440953,0.0298687996363366,NA,0.000787489690786902,0.56752392241703,0.49511945151445,0.675143670839525
"Mammalia","rc",0.827136220289789,-0.0779975891368306,-0.102513997361283,NA,3,14.4864114185897,-22.4013942657508,3.29421696234385,0.0901583520218288,NA,0.000431787182386678,0.516768854521084,0.37697801700217,NA
"Mammalia","rc",0.816996778992821,NA,-0.0953667070016062,NA,2,14.2589527773303,-24.2388357872188,1.45677544087588,0.225944264573241,NA,0.000438519087297973,NA,0.405589381622023,NA
"Mammalia","rc",0.797003590187924,-0.0678567445341154,NA,NA,2,14.0640418604724,-23.849013953503,1.8465972745917,0.185931334289578,NA,0.000546266368114612,0.569796092867105,NA,NA
"Mammalia","rc",0.789946163038713,NA,NA,NA,1,13.8932601595019,-25.6956112280947,0,0.468097249479015,NA,0.00053393055974138,NA,NA,NA
"Actinopterygii","total",0.849012149963337,-0.243339301954439,-0.788711861219823,1.29383845907669,5,13.6743383775131,-15.205819612169,0,0.362463301500898,1,4.55157823376563e-07,0.268948361787235,0.0347276569495661,0.0223513571424384
"Actinopterygii","total",0.589826739407604,0.186726520605355,0.0300227096363789,NA,4,10.668407166141,-11.9575039874544,3.24831562471467,0.0714333908916389,1,5.91180012401119e-08,0.163209636443848,0.7971863013555,NA
"Actinopterygii","total",0.670741762844344,NA,0.0777314175372764,NA,3,9.58497596904864,-12.3699519380973,2.83586767407177,0.0877936693437455,1,3.24953586597943e-12,NA,0.495304809455851,NA
"Actinopterygii","total",0.598534850602881,0.196499632452251,NA,NA,3,10.6316008148503,-14.4632016297005,0.742617982468531,0.250038333647257,0.503203625656672,4.25427738935316e-09,0.120964054368963,NA,NA
"Actinopterygii","total",0.707292668564421,NA,NA,NA,2,9.33406981532449,-14.2810428564554,0.924776755713609,0.22827130461646,0.439923099577906,2.38226684118516e-21,NA,NA,NA
"Actinopterygii","total",1.23898068999742,-0.535449206608653,-1.41472393749084,1.9167894945933,4,10.4583983955234,-11.5374864462192,0,0.971838675531163,NA,6.42162274755442e-06,0.00546306673709607,2.75447603703682e-05,0.00101951307750658
"Actinopterygii","total",1.13781841126898,-0.0778410419473465,-0.57247062588898,NA,3,4.24349514638037,-1.68699029276074,9.85049615345845,0.00705644753094511,NA,0.00016920858251579,0.607755894967864,0.00723153605041382,NA
"Actinopterygii","total",1.12611448177333,NA,-0.614285012812567,NA,2,4.09667241320342,-3.8062480522133,7.7312383940059,0.0203599680414337,NA,0.000151613177040488,NA,0.00175591133543751,NA
"Actinopterygii","total",0.889128316732726,-0.252673708440718,NA,NA,2,0.224112568263124,3.9388716376673,15.4763580838865,0.000423590021084927,NA,0.00319008447125135,0.106298501908458,NA,NA
"Actinopterygii","total",0.773146446230015,NA,NA,NA,1,-1.18326786360467,4.49153572720934,16.0290221734285,0.000321318875373009,NA,0.00868214558417946,NA,NA,NA
"Actinopterygii","line",0.530857607587308,0.167089425493284,0.915613375171154,-0.971443783970796,5,10.9643205237128,-9.78578390456837,4.63071407211693,0.0379505467880492,1,0.0173245989860582,0.584944509647216,0.34377654592343,0.449409796804326
"Actinopterygii","line",0.668460478362964,-0.0332573608060027,0.192339016818166,NA,4,10.6346690828188,-11.8900278208099,2.52647015587535,0.108679791923397,1,9.24557373202514e-07,0.827637929346577,0.129677034816924,NA
"Actinopterygii","line",0.647060162732408,NA,0.1851019866959,NA,3,10.6082489883426,-14.4164979766853,0,0.384383575253122,1,2.0683393171651e-14,NA,0.124361741136829,NA
"Actinopterygii","line",0.686120036246907,0.0296416852445199,NA,NA,3,9.35503042252388,-11.9100608450478,2.50643713163754,0.109773854574874,0.372919118847588,6.85485010955559e-07,0.843758583078713,NA,NA
"Actinopterygii","line",0.707292668564421,NA,NA,NA,2,9.33406981532449,-14.2810428564554,0.135455120229853,0.359212231460558,0.439923099577906,2.38226684118516e-21,NA,NA,NA
"Actinopterygii","line",1.16876217069836,-0.416872048515214,-1.61488529471852,1.87446860313281,4,2.5610567890772,4.25719676667319,0,0.28676964738077,NA,0.000624225487878771,0.144293748568198,0.0156762334542109,0.0349552953332177
"Actinopterygii","line",0.933568473914577,-0.0319491889344035,-0.331454846889519,NA,3,-0.00091466151107511,6.80182932302215,2.54463255634896,0.0803476619101792,NA,0.0044410055035633,0.890358856716753,0.210728247304264,NA
"Actinopterygii","line",0.922599062942024,NA,-0.34718359111005,NA,2,-0.0115048774744793,4.41010652914251,0.152909762469317,0.265661884646588,NA,0.00318440619830973,NA,0.140572673995344,NA
"Actinopterygii","line",0.862065793432518,-0.160139303333812,NA,NA,2,-0.873820625266958,6.13473802472746,1.87754125805428,0.112158005678985,NA,0.00749992208938188,0.448881923510319,NA,NA
"Actinopterygii","line",0.773146446230015,NA,NA,NA,1,-1.18326786360467,4.49153572720934,0.234338960536149,0.255062800383478,NA,0.00868214558417946,NA,NA,NA
"Actinopterygii","sine",0.432366729397573,0.263276864233005,0.435494195862351,-0.233971347590537,5,13.9840856684381,-15.825314194019,3.26051190016231,0.0926213084783046,1,0.013165555981606,0.256410568533695,0.423357978589287,0.749996644054182
"Actinopterygii","sine",0.469436183749667,0.210356957034165,0.266216035696911,NA,4,13.9255833098826,-18.4718562749376,0.613969819243767,0.347856580141166,1,0.000291313367212744,0.184200751368648,0.014059631756851,NA
"Actinopterygii","sine",0.613610343456776,NA,0.282982187121338,NA,3,12.9429130470907,-19.0858260941813,0,0.472848564881827,1,6.54003551767785e-15,NA,0.0096971979721789,NA
"Actinopterygii","sine",0.522939463720515,0.259008634904662,NA,NA,3,10.5656001601675,-14.331200320335,4.75462577384639,0.0438801604294228,0.265907579913811,0.00017120456762834,0.130844265822317,NA,NA
"Actinopterygii","sine",0.707292668564421,NA,NA,NA,2,9.33406981532449,-14.2810428564554,4.8047832377259,0.0427933860692799,0.439923099577906,2.38226684118516e-21,NA,NA,NA
"Actinopterygii","sine",0.598990979003609,0.159944897752188,0.407428652635556,-0.434492439784264,4,-0.742196596417486,10.8637035376626,6.37216781045322,0.0216523074126772,NA,0.118265766263618,0.619412862261248,0.477194260181988,0.579593136204759
"Actinopterygii","sine",0.692290897170464,0.0302488233147698,0.101899976305394,NA,3,-0.919022132726624,8.63804426545325,4.14650853824391,0.0658870335606854,NA,0.043817749017522,0.889790681376835,0.499642208262519,NA
"Actinopterygii","sine",0.712073120429067,NA,0.101848688590077,NA,2,-0.929723099906155,6.24654297400586,1.75500724679652,0.21782506979838,NA,0.0208114425812926,NA,0.493046084655592,NA
"Actinopterygii","sine",0.753632598221897,0.0298849138522632,NA,NA,2,-1.17297751179434,6.73305179778223,2.2415160705729,0.17079054055655,NA,0.0224958519556495,0.890166471897377,NA,NA
"Actinopterygii","sine",0.773146446230015,NA,NA,NA,1,-1.18326786360467,4.49153572720934,0,0.523845048671708,NA,0.00868214558417946,NA,NA,NA
"Actinopterygii","ltr",0.642277869874815,0.013452069846176,0.138872391941879,-0.0287466384413652,5,9.91330993367971,-7.68376272450229,6.59728013195315,0.0182554668682087,1,0.000542082186304963,0.96021664847435,0.64899671263542,0.956862916589396
"Actinopterygii","ltr",0.649451303337426,0.000550582251383237,0.123853834866842,NA,4,9.91162412062514,-10.4439378964227,3.83710496003274,0.0725700408034801,1,2.73720245584846e-07,0.996450712046596,0.318486568806515,NA
"Actinopterygii","ltr",0.649791321389223,NA,0.123741350558621,NA,3,9.911613092645,-13.02322618529,1.25781667116544,0.263537670546022,1,1.20660250005928e-11,NA,0.300869445507249,NA
"Actinopterygii","ltr",0.720363551274362,-0.0250100872631767,NA,NA,3,9.35704872451367,-11.9140974490273,2.3669454074281,0.151355587398491,0.495784303398868,1.44475457144976e-11,0.836510557061654,NA,NA
"Actinopterygii","ltr",0.707292668564421,NA,NA,NA,2,9.33406981532449,-14.2810428564554,0,0.494281234383799,0.439923099577906,2.38226684118516e-21,NA,NA,NA
"Actinopterygii","ltr",1.08232132694516,-0.436766811410796,-0.529320061245373,0.729582769916966,4,5.45475976987039,-1.5302091949132,0,0.459810297320823,NA,0.000222926273931945,0.00765023953859667,0.0179097544132922,0.0592101911874461
"Actinopterygii","ltr",1.03303749581402,-0.207861076434492,-0.23345800060962,NA,3,3.40424051716015,-0.00848103432029479,1.5217281605929,0.214852109145096,NA,0.000553025931922413,0.0521899947412372,0.141156841525501,NA
"Actinopterygii","ltr",1.00017148216913,NA,-0.341127997251595,NA,2,1.30375049588658,1.7795957824204,3.3098049773336,0.0878746633073879,NA,0.0011612837166104,NA,0.0317902985845708,NA
"Actinopterygii","ltr",0.904629243702354,-0.261478117541751,NA,NA,2,2.19762955016897,-0.00816232614439016,1.52204686876881,0.214817874311002,NA,0.00144725437392612,0.0123004537873284,NA,NA
"Actinopterygii","ltr",0.773146446230015,NA,NA,NA,1,-1.18326786360467,4.49153572720934,6.02174492212254,0.0226450559156911,NA,0.00868214558417946,NA,NA,NA
"Actinopterygii","dna",0.847641225407321,-0.274834524130875,-0.802586892044034,1.26960831869403,5,11.8046971288478,-11.4665371148385,2.8145057416169,0.0975949734298543,1,9.46380688797811e-06,0.251106368720796,0.154433675631732,0.0957731543615156
"Actinopterygii","dna",0.627789074025134,0.0437264107479263,0.122837446456388,NA,4,10.2062414749499,-11.0331726050723,3.24787025138317,0.0785820840742223,1,3.96603478935975e-07,0.770909077063886,0.290153031216771,NA
"Actinopterygii","dna",0.651625579246455,NA,0.133924263509034,NA,3,10.1589884009229,-13.5179768018459,0.763066054609574,0.272202380028067,1,2.24682821552472e-13,NA,0.216290211051759,NA
"Actinopterygii","dna",0.644389031749739,0.0966976119119312,NA,NA,3,9.58270104006902,-12.365402080138,1.9156407763174,0.152972546859126,0.484459142443385,1.75339275720889e-07,0.497266224359697,NA,NA
"Actinopterygii","dna",0.707292668564421,NA,NA,NA,2,9.33406981532449,-14.2810428564554,0,0.398648015608731,0.439923099577906,2.38226684118516e-21,NA,NA,NA
"Actinopterygii","dna",1.2297266874379,-0.55450156085918,-1.79890048181231,2.12123976847769,4,6.37090926195982,-3.36250817909206,0,0.712850842550004,NA,7.17160034664488e-05,0.0466940066420363,0.001357570899017,0.011333812907534
"Actinopterygii","dna",1.09747696070951,-0.0901313593919211,-0.53999059402665,NA,3,2.67739828959732,1.44520342080536,4.80771159989742,0.0644195012425284,NA,0.00061943029007594,0.69049476699738,0.0220928669644478,NA
"Actinopterygii","dna",1.06390674813962,NA,-0.574870411167654,NA,2,2.58903849921556,-0.790980224237575,2.57152795485448,0.197059994723407,NA,0.000451154686929245,NA,0.00818386469233934,NA
"Actinopterygii","dna",0.943258447656097,-0.299392041356062,NA,NA,2,-0.241321306202877,4.8697393865993,8.23224756569136,0.0116248891820291,NA,0.00371030613555323,0.186415799609545,NA,NA
"Actinopterygii","dna",0.773146446230015,NA,NA,NA,1,-1.18326786360467,4.49153572720934,7.8540439063014,0.0140447723020316,NA,0.00868214558417946,NA,NA,NA
"Actinopterygii","rc",0.765267675377593,-0.0186756428548721,-0.76237432897106,0.704484047639622,5,11.0356812110574,-9.92850527925756,4.41014746333971,0.0411611182126556,0.0654713352237474,1.89953598178235e-09,0.903937863315141,0.237912918112689,0.409108491086929
"Actinopterygii","rc",0.72309882507876,0.0479355662455772,-0.249892940052496,NA,4,10.6430849375422,-11.9068595302567,2.43179321234055,0.110683104466761,0.12995768748733,6.91149951144056e-11,0.716007711311753,0.129974003213082,NA
"Actinopterygii","rc",0.746106387760761,NA,-0.227273765980148,NA,3,10.5693263712986,-14.3386527425973,0,0.373369225124644,0.105289681693997,9.99862852393315e-19,NA,0.130263142556849,NA
"Actinopterygii","rc",0.724081866682051,-0.029951100345647,NA,NA,3,9.36542515200673,-11.9308503040135,2.40780243858381,0.112018786119001,0.37271551502719,8.10523191310796e-11,0.809513231728612,NA,NA
"Actinopterygii","rc",0.707292668564421,NA,NA,NA,2,9.33406981532449,-14.2810428564554,0.057609886141833,0.362767766076938,0.439923099577906,2.38226684118516e-21,NA,NA,NA
"Actinopterygii","rc",1.04065045631611,-0.285589154693192,-0.801576367033942,0.792237384103235,4,13.5123846057925,-17.6454588667575,1.23285256333331,0.206888554263637,NA,7.88126065587313e-06,0.0135323666300122,0.127021858548713,0.27971313444285
"Actinopterygii","rc",1.02784585007635,-0.219943808438572,-0.271731447896832,NA,3,12.8391557150454,-18.8783114300908,0,0.383218968353719,NA,8.85160133368146e-06,0.0222005458339811,0.123084959342497,NA
"Actinopterygii","rc",1.00224655471422,NA,-0.601247634480418,NA,2,9.92514732341378,-15.463197872634,3.4151135574568,0.0694807521007212,NA,3.20836570706362e-05,NA,5.64918422374383e-06,NA
"Actinopterygii","rc",1.00376449513415,-0.335561686502499,NA,NA,2,11.5142439204414,-18.6413910666893,0.236920363401474,0.340408498651935,NA,1.5655599940434e-05,1.21469237912564e-06,NA,NA
"Actinopterygii","rc",0.773146446230015,NA,NA,NA,1,-1.18326786360467,4.49153572720934,23.3698471573002,3.22662998762093e-06,NA,0.00868214558417946,NA,NA,NA
"Sauria","total",0.99165163779299,-0.29359381069173,0.198862454127724,-0.141483711242049,5,16.7282099021673,-18.8410351889501,5.57058181095757,0.0398632227871605,0.214649468740332,3.09796558737331e-12,0.0229814620531066,0.500734212180511,0.737265740715771
"Sauria","total",0.999975849770671,-0.310743577630102,0.106925844111818,NA,4,16.6545192384448,-22.4518956197467,1.95972138016097,0.242471548950208,0.368287832298,6.19775976239623e-14,0.00749616637878854,0.303405461236257,NA
"Sauria","total",0.914184078349372,NA,-0.0530710320335228,NA,3,12.2798847018497,-16.9597694036994,7.45184759620819,0.0155618323415102,0.00267684500347704,1.45599071248766e-14,NA,0.619372124516487,NA
"Sauria","total",1.00110865442465,-0.254557518472514,NA,NA,3,16.0058084999538,-24.4116169999076,0,0.6459648365128,0.0603389495243024,1.70900520842196e-14,0.0094914946723377,NA,NA
"Sauria","total",0.902858384137015,NA,NA,NA,2,12.1378863402003,-19.5257726804006,4.88584431950706,0.0561385594083212,0.00229344105987064,8.07758379962407e-17,NA,NA,NA
"Sauria","total",0.834422666168317,-0.215403682546584,0.393981948690807,-0.216585040518813,4,18.1070009467067,-25.3568590362706,4.03169873068836,0.0566374712010725,NA,5.9104041987279e-05,0.0551506645143145,0.356624815747923,0.733309337525151
"Sauria","total",0.83233890828896,-0.228500902759268,0.270713110749271,NA,3,18.0309857307403,-28.4619714614807,0.926586305478288,0.267528743826427,NA,3.5095241200267e-05,0.0268942779488617,0.21015747410186,NA
"Sauria","total",0.865208423121871,NA,0.00383167874907198,NA,2,15.0333290533678,-25.3166581067356,4.07189966022338,0.0555103970114633,NA,7.12621314782336e-05,NA,0.984936929132047,NA
"Sauria","total",0.956625237553295,-0.163815533508856,NA,NA,2,17.0692788834795,-29.388557766959,0,0.425183213601798,NA,1.93571863649211e-07,0.0599051375969326,NA,NA
"Sauria","total",0.867465882115566,NA,NA,NA,1,15.0331239186317,-27.8309537196162,1.55760404734274,0.195140174359239,NA,4.88701925593915e-07,NA,NA,NA
"Sauria","line",0.866316024258023,0.0462976562624459,0.582651126525383,-0.900318189502937,5,14.990398814409,-15.3654130134333,4.16035966696723,0.0627521851953499,0.0258538701728092,5.04958162472803e-10,0.795397253979453,0.070634941670955,0.0953146270129
"Sauria","line",0.940855369971195,-0.176546573536741,0.100892858213285,NA,4,13.1696295810911,-15.4821163050394,4.04365637536113,0.0665228200231196,0.00546993342796453,1.51210282650977e-12,0.196236251077059,0.470465378145602,NA
"Sauria","line",0.9064807477836,NA,-0.0138091954337395,NA,3,12.1468055013457,-16.6936110026914,2.83216167770914,0.121911137216872,0.00235975699938085,9.27790149384133e-14,NA,0.900925571336704,NA
"Sauria","line",0.945301478442264,-0.116240546565726,NA,NA,3,12.8505732430959,-18.1011464861918,1.42462619420875,0.246425603757655,0.00466948923997286,3.1798681244419e-13,0.265736052696094,NA,NA
"Sauria","line",0.902858384137015,NA,NA,NA,2,12.1378863402003,-19.5257726804006,0,0.502388253807003,0.00229344105987064,8.07758379962407e-17,NA,NA,NA
"Sauria","line",0.773160359049859,0.0759101434723206,0.742807480497081,-1.01932163845744,4,16.8572389809145,-22.8573351046862,4.97361861493003,0.0459435521361265,NA,0.000146251489491434,0.692622775828631,0.0976751195676977,0.154326490643134
"Sauria","line",0.797705388249212,-0.114900802153569,0.220696199159423,NA,3,15.5292417699804,-23.4584835399607,4.37247017965552,0.0620529301609484,NA,0.000121256256490287,0.437376232508592,0.381237318840582,NA
"Sauria","line",0.819023065454467,NA,0.0807583154684821,NA,2,15.1597955674883,-25.5695911349766,2.26136258463963,0.178313195713899,NA,5.81423320893393e-05,NA,0.638950894330465,NA
"Sauria","line",0.879346945066787,-0.0217990631177733,NA,NA,2,15.0596298707252,-25.3692597414504,2.46169397816585,0.161317719572894,NA,3.02677556218711e-06,0.830070271955713,NA,NA
"Sauria","line",0.867465882115566,NA,NA,NA,1,15.0331239186317,-27.8309537196162,0,0.552372602416132,NA,4.88701925593915e-07,NA,NA,NA
"Sauria","sine",0.904792004186623,0.138145200421205,-1.51420890391652,1.44336668539484,5,14.5654226733133,-14.515460731242,5.01031194915855,0.0487741927038001,0.129069369498342,2.99463741135478e-13,0.427277347615975,0.061154296201177,0.0867342538608487
"Sauria","sine",0.889654625225892,0.147463545304924,-0.186763688919396,NA,4,12.6454199307821,-14.4336970044213,5.0920756759793,0.046820421825048,0.071328978678034,2.04861162092218e-13,0.42787538851671,0.366389925981078,NA
"Sauria","sine",0.908226824106203,NA,-0.0561974399173656,NA,3,12.2604008250651,-16.9208016501302,2.60497103027036,0.162369044095412,0.00268742529213897,1.41483314452239e-15,NA,0.644509496128979,NA
"Sauria","sine",0.900154521411058,0.0128433479482991,NA,NA,3,12.1456993891703,-16.6913987783407,2.83437390205989,0.144773486439655,0.0029020469818199,2.29196785732329e-14,0.907242585967893,NA,NA
"Sauria","sine",0.902858384137015,NA,NA,NA,2,12.1378863402003,-19.5257726804006,0,0.597262854936085,0.00229344105987064,8.07758379962407e-17,NA,NA,NA
"Sauria","sine",0.953598524570961,0.0319372632541884,-1.76197930974669,1.75832373623402,4,16.3862081894203,-21.9152735216978,5.91568019791849,0.0304264452567181,NA,4.16216304770511e-05,0.76109457891833,0.176179033771207,0.156276964763258
"Sauria","sine",0.847637663761715,0.0163986905414953,0.0376224139648538,NA,3,15.0706877847118,-22.5413755694236,5.28957815019267,0.041610942098035,NA,5.90568226115362e-05,0.879531018709172,0.903640757776383,NA
"Sauria","sine",0.847434170206925,NA,0.0560630596136318,NA,2,15.0566157938417,-25.3632315876834,2.46772213193283,0.170594803254392,NA,3.45526917890915e-05,NA,0.839884552063263,NA
"Sauria","sine",0.859084031736801,0.0215256318887849,NA,NA,2,15.0617095343288,-25.3734190686576,2.45753465095864,0.171465985815905,NA,2.1370945773036e-06,0.82363530712419,NA,NA
"Sauria","sine",0.867465882115566,NA,NA,NA,1,15.0331239186317,-27.8309537196162,0,0.58590182357495,NA,4.88701925593915e-07,NA,NA,NA
"Sauria","ltr",0.994367603501505,-0.199003457855963,0.481647813133885,-0.485566906067999,5,15.0495879620209,-15.4837913086572,5.53396201777334,0.0318885369108066,0.0332378656876715,1.17922489564818e-07,0.262932877020847,0.415354318403868,0.532169213217406
"Sauria","ltr",1.04255727013783,-0.274736664592772,0.124877461562867,NA,4,14.7940796244169,-18.731016391691,2.28673693473948,0.161718819038616,0.00153714679612404,1.73818503734227e-10,0.0375716743238066,0.373445875142448,NA
"Sauria","ltr",0.907542532396989,NA,-0.0172963250197739,NA,3,12.1470467299667,-16.6940934599334,4.32365986649712,0.0584047765284553,0.00162851967439302,7.29289119792456e-13,NA,0.899601717238134,NA
"Sauria","ltr",1.04416018985077,-0.223727859046779,NA,NA,3,14.3088766632153,-21.0177533264305,0,0.507363449460487,0.00515415396944699,6.65764847402329e-11,0.052037431402378,NA,NA
"Sauria","ltr",0.902858384137015,NA,NA,NA,2,12.1378863402003,-19.5257726804006,1.49198064602994,0.240624418061635,0.00229344105987064,8.07758379962407e-17,NA,NA,NA
"Sauria","ltr",0.941126065656956,-0.249879133683357,0.347667039593893,-0.165741145674707,4,18.0764483606501,-25.2957538641573,4.04113514489367,0.0552605184494097,NA,4.80510284184277e-06,0.154351835514475,0.486391759273339,0.7747118979266
"Sauria","ltr",0.961363272990279,-0.282557692776473,0.214346358648255,NA,3,18.0228091857514,-28.4456183715027,0.891270637548253,0.26693120209077,NA,2.56328261505345e-07,0.0311710667974614,0.206019163058397,NA
"Sauria","ltr",0.887723733561706,NA,-0.0648750351567508,NA,2,15.1805358729833,-25.6110717459667,3.72581726308431,0.0646971817844207,NA,1.39912294327971e-06,NA,0.612771604641252,NA
"Sauria","ltr",0.963061896466854,-0.167950887042851,NA,NA,2,17.0434445045255,-29.336889009051,0,0.416808245827926,NA,2.12449105863044e-07,0.0615518034799127,NA,NA
"Sauria","ltr",0.867465882115566,NA,NA,NA,1,15.0331239186317,-27.8309537196162,1.50593528943473,0.196302851847473,NA,4.88701925593915e-07,NA,NA,NA
"Sauria","dna",0.875087495419046,0.238241769886699,0.211846658932261,-0.686806108752295,5,14.9356581827551,-15.2559317501256,4.26984093027498,0.0516968825650856,0.0339496782341485,5.69164313238076e-13,0.0881706644895421,0.792851382088168,0.431780629928716
"Sauria","dna",0.881937403035513,0.242268092675821,-0.408549911867443,NA,4,14.5310319044349,-18.204920951727,1.32085172867361,0.225854747382737,0.0201752345076191,7.90516658155651e-14,0.078957429074917,0.0507619804325617,NA
"Sauria","dna",0.918637756758748,NA,-0.123361252223775,NA,3,12.6414583756004,-17.6829167512007,1.84285592919986,0.173971237127647,0.00335563217104657,2.46855035258116e-15,NA,0.349535507527067,NA
"Sauria","dna",0.894393160463721,0.0280250207971948,NA,NA,3,12.1948781907742,-16.7897563815484,2.73601629885213,0.111308964304781,0.00238843381839509,6.32760619594182e-14,0.752993536857149,NA,NA
"Sauria","dna",0.902858384137015,NA,NA,NA,2,12.1378863402003,-19.5257726804006,0,0.43716816861975,0.00229344105987064,8.07758379962407e-17,NA,NA,NA
"Sauria","dna",0.882773791488148,0.271641057269257,-0.0480180001157606,-0.462666931652087,4,16.562174120746,-22.2672053843491,5.56374833526713,0.0288939887438199,NA,0.000117801695356468,0.164507819282704,0.972773935080004,0.765163916691449
"Sauria","dna",0.883929416237804,0.275809452142899,-0.455372233998239,NA,3,16.5037516175973,-25.4075032351945,2.42345048442174,0.138903923591693,NA,6.98180718656793e-05,0.14503829171493,0.196854363605047,NA
"Sauria","dna",0.935670895374659,NA,-0.159967012447477,NA,2,15.2032976324513,-25.6565952649027,2.17435845471356,0.157327325658714,NA,3.67133475247527e-05,NA,0.586582142714052,NA
"Sauria","dna",0.778833835460992,0.137571720212285,NA,NA,2,15.4837480340268,-26.2174960680536,1.61345765156265,0.208258253599258,NA,7.53317580193258e-05,0.376190111391653,NA,NA
"Sauria","dna",0.867465882115566,NA,NA,NA,1,15.0331239186317,-27.8309537196162,0,0.466616508406515,NA,4.88701925593915e-07,NA,NA,NA
"Sauria","rc",0.933815470987927,-0.215899190542243,0.177528901301541,0.080016591804995,5,12.2646342485066,-9.52926849701318,8.34616244416177,0.00933214051650012,0.163012533156907,2.54814930351763e-11,0.305473768110582,0.630959315009607,0.851849668913951
"Sauria","rc",0.930051038034511,-0.201954606930811,0.235048302388232,NA,4,12.241397729433,-13.405872381943,4.46955855923197,0.0648298635209473,0.289680033471149,1.49556178064306e-12,0.287403431554122,0.23897649619336,NA
"Sauria","rc",0.899903932363677,NA,0.0775026372565599,NA,3,11.5395084151818,-15.3647311160778,2.51069982509712,0.172637793598712,0.00303437813885497,1.87364809680532e-14,NA,0.555398897068421,NA
"Sauria","rc",0.916707503028107,-0.0346305063753683,NA,NA,3,11.381481575188,-15.0486774360903,2.82675350508462,0.147402786080829,0.00788429616608,4.23428931128473e-13,0.783609705842325,NA,NA
"Sauria","rc",0.908530855689479,NA,NA,NA,2,11.3377154705875,-17.875430941175,0,0.605797416283012,0.00446432272401959,6.20128333730308e-16,NA,NA,NA
"Sauria","rc",0.77179698775257,0.103938546719525,-0.0107263723064386,0.184465603956644,4,14.4181705354161,-17.7594179939091,7.29095711943027,0.0129377342366846,NA,0.000418296242272964,0.684083081306733,0.955489405233914,0.632736858843243
"Sauria","rc",0.777763291386538,0.143228296572544,0.0562542380688915,NA,3,14.2660373937528,-20.8177890732198,4.23258604011951,0.0597001012136448,NA,0.000251587876277437,0.54417848178631,0.662680318959291,NA
"Sauria","rc",0.843668428333269,NA,0.0923598607102886,NA,2,14.0378685172361,-23.2757370344722,1.77463807886709,0.204038294914124,NA,3.35536490791988e-06,NA,0.413716040658988,NA
"Sauria","rc",0.767568862818173,0.190492168931963,NA,NA,2,14.1480044859223,-23.4960089718447,1.55436614149467,0.227794444952284,NA,0.000169911930685718,0.354320400211099,NA,NA
"Sauria","rc",0.867734602030613,NA,NA,NA,1,13.6501875566697,-25.0503751133393,0,0.495529424683263,NA,1.02842409432924e-06,NA,NA,NA
