"(Intercept)","age.norm","prop.norm","age.norm:prop.norm","df","logLik","AICc","delta","weight","model"
0.546552029651854,0.413500038670818,NA,NA,2,22.6789565944368,-41.0851859161463,0,0.197365419213196,"dna"
0.535170462947675,0.417841257403655,NA,NA,2,22.3623767694868,-40.4520262662464,0.633159649899937,0.143807716533099,"dna"
0.549433036298199,0.417541068838754,-0.0210807217338127,NA,3,22.7190912410923,-38.8800429473009,2.20514296884544,0.0655285185727235,"dna"
0.324706294933923,0.758575759379019,0.331511131826773,-0.510805260780163,4,23.6306180576765,-38.3088551629721,2.77633075317421,0.0492491226760633,"dna"
0.534231443500068,0.417187920677223,0.00614635295824095,NA,3,22.3666494072703,-38.1751592796569,2.91002663648936,0.0460645471628677,"dna"
0.364006748886085,0.988221288865871,0.264686789408695,-0.75711889947655,4,23.3756729859258,-37.7989650194706,3.28622089667569,0.0381660540087439,"line"
0.56379960001229,0.388744503969248,NA,NA,2,20.8612638236524,-37.4498003745775,3.63538554156878,0.0320521466594646,"line"
0.327382839011099,0.724310469781373,0.328099546668694,-0.462668866713252,4,23.1565921472045,-37.3608033420281,3.72438257411815,0.0306571416971437,"line"
0.663050844304187,0.37407756199537,NA,NA,2,20.7747897087435,-37.2768521447598,3.80833377138651,0.0293969240484655,"line"
0.57316417960066,0.349646004751118,NA,NA,2,20.6476525662745,-37.0225778598217,4.06260805632462,0.0258873103871449,"line"
0.499865478972409,0.842082001959963,0.219700738018576,-0.560754143430661,4,22.8454679379673,-36.7385549235536,4.3466309925927,0.0224601231879553,"ltr"
0.647841662838891,0.333083864948807,NA,NA,2,20.2823524607082,-36.2919776486891,4.7932082674572,0.0179654918178019,"ltr"
1.00507477370954,-0.36327466272186,-0.571091681454694,0.987165207464459,4,22.592234789206,-36.2320886260311,4.85309729011518,0.0174354987384002,"ltr"
0.544694273218,0.388414639308819,0.0630509826809437,NA,3,21.3757059310346,-36.1932723271856,4.89191358896073,0.0171003706016039,"ltr"
0.655650165889462,0.452371845738998,-0.130320757592519,NA,3,21.3145983120849,-36.0710570892861,5.01412882686019,0.0160866947444182,"ltr"
1.06040231429832,-0.438993720665234,-0.616637777637788,1.03473872174416,4,22.4521552133339,-35.9519294742868,5.13325644185951,0.0151564882777509,"sine"
0.597720491123013,0.306162230714401,NA,NA,2,20.0853222171143,-35.8979171615013,5.187268754645,0.0147526474238095,"sine"
0.523508048182795,0.358804705212299,NA,NA,2,20.0706454515389,-35.8685636303505,5.21662228579584,0.0145377074460786,"sine"
0.52021420341337,0.352995773785244,NA,NA,2,19.8375415460914,-35.4023558194556,5.68283009669074,0.0115149003812242,"sine"
0.64015487371388,0.421123166657796,-0.1642939353003,NA,3,20.9536759377496,-35.3492123406154,5.73597357553086,0.0112129587712021,"sine"
0.579692714397715,0.356069114137265,-0.0269928295102837,NA,3,20.6931466178382,-34.8281537007926,6.25703221535365,0.00864119447503481,"others"
0.542761561644494,0.421352633570596,NA,NA,2,19.3640107093636,-34.455294146,6.62989177014629,0.00717147280240511,"others"
0.656656920904164,0.262456792300156,NA,NA,2,19.2681596017133,-34.2635919306993,6.82159398544701,0.00651599509279731,"others"
0.613924021255913,0.325095513359028,-0.0629850191529651,NA,3,20.2996140956346,-34.0410886563856,7.04409725976074,0.00582994927991891,"others"
0.554783704156705,0.35511616168263,NA,NA,2,19.0467538247774,-33.8207803768276,7.26440553931872,0.00522186261321318,"others"
0.555603161244669,0.372697391369773,0.0423140843001149,0.0283414547973515,4,21.3817133293911,-33.8110457064013,7.27414020974495,0.00519650781265122,"unknown"
0.608751440977178,0.302876759839645,NA,NA,2,19.039428327559,-33.8061293823907,7.27905653375558,0.00518374964183555,"unknown"
0.55134404833872,0.395436669586029,NA,NA,2,18.9771877530185,-33.6816482333096,7.40353768283666,0.00487094561130125,"unknown"
0.596277522287373,0.354289419214515,NA,NA,2,18.9705572758533,-33.6683872789793,7.41679863716695,0.00483875575264499,"unknown"
0.495172602496984,0.382344987924292,0.0264493083161575,NA,3,20.1088324794391,-33.6595254239946,7.42566049215173,0.00481736300660543,"unknown"
0.535745261029186,0.411950079547253,NA,NA,2,18.7603772793266,-33.2480272859259,7.83715863022036,0.00392151326089538,"dna.line"
1.02946995139637,-0.411497407592634,-0.721477744535362,1.20298261037971,4,21.0735043335831,-33.1946277147852,7.89055820136112,0.00381819512150257,"dna.line"
0.494612707827644,0.375945393958057,0.0242845292709381,NA,3,19.8716059418611,-33.1850723488385,7.90011356730781,0.00379999650391156,"dna.line"
1.0524374682438,-0.45021320124366,-0.642775977075212,1.14761631256355,4,20.9893514141096,-33.0263218758382,8.05886404030806,0.00351003114342306,"dna.line"
0.0576810344404786,0.980357097836059,0.549007098527964,-0.838892697338203,4,20.8988419051424,-32.8453028579039,8.23988305824238,0.0032062928720314,"dna.line"
0.576790414645211,0.327092875330424,NA,NA,2,18.5572402386081,-32.841753204489,8.24343271165731,0.00320060730475096,"dna.ltr"
0.609210258260748,0.245904257022109,NA,NA,2,18.541250401908,-32.8097735310888,8.27541238505751,0.00314983710195036,"dna.ltr"
0.527055871640279,0.433213693275116,0.0598929671775699,-0.13582407761153,4,20.7993866505961,-32.6463923488113,8.438793567335,0.00290275459555054,"dna.ltr"
0.677303295598172,0.300453914159668,-0.0795779704680037,NA,3,19.5828256852195,-32.6075118355554,8.47767408059092,0.00284686927380394,"dna.ltr"
0.578535415232231,0.348003950278484,NA,NA,2,18.3735264185378,-32.4743255643483,8.61086035179801,0.00266346193110261,"dna.ltr"
1.07949224007245,-0.466040220269807,-0.741230944544599,1.21103417710461,4,20.7054623296877,-32.4585437069945,8.62664220915175,0.00264252744785457,"dna.sine"
0.483428040900527,0.466717561017446,0.112293645930838,NA,3,19.4920407707756,-32.4259420066674,8.6592439094789,0.00259980118715037,"dna.sine"
0.765388594304168,0.00515428783570382,-0.300879508072666,0.534144861150242,4,20.6845238701852,-32.4166667879895,8.66851912815681,0.00258777223922532,"dna.sine"
0.614780104912105,0.315575523706989,NA,NA,2,18.1864098397618,-32.1000924067963,8.98509350935001,0.00220893428598774,"dna.sine"
0.573829570314099,0.357162006443212,0.0497608980563245,NA,3,19.2210419453295,-31.8839443557754,9.20124156037092,0.00198265360142666,"dna.sine"
0.553397185930971,0.474931321013857,NA,NA,2,18.0727830984838,-31.8728389242404,9.21234699190592,0.00197167499825229,"dna.others"
0.653975190809034,0.261398272959911,NA,NA,2,18.0085814562966,-31.744435639866,9.34075027628029,0.00184906811807712,"dna.others"
0.532078449743853,0.36059281864737,0.031333792327304,NA,3,19.1445750366182,-31.7310105383527,9.35417537779363,0.0018366977193956,"dna.others"
0.696049752027686,0.220975403875947,NA,NA,2,17.982202965153,-31.6916786575787,9.39350725856758,0.00180093018538096,"dna.others"
0.596685532889762,0.350644143275505,-0.0375108845102123,-0.0400768368494346,4,20.3090553502563,-31.6657297481316,9.4194561680147,0.00177771502591043,"dna.others"
0.586978422347698,0.301832052106632,0.0356728408373214,NA,3,19.0918832200744,-31.625626905265,9.45955901088131,0.00174242430965579,"dna.unknown"
0.537576883983147,0.400563049154315,0.022653172321908,NA,3,19.0260263426252,-31.4939131503666,9.5912727657797,0.00163137064418096,"dna.unknown"
0.558080696098447,0.370602198938032,NA,NA,2,17.8779219682332,-31.4831166637392,9.60206925240709,0.00162258783570574,"dna.unknown"
0.672068305845251,0.253453344986563,NA,NA,2,17.8769886080847,-31.4812499434421,9.60393597270416,0.00162107408343031,"dna.unknown"
0.561648879277778,0.529836113173409,0.0701312773017948,-0.310860230799237,4,20.2095482647325,-31.4667155770841,9.61847033906221,0.00160933614365708,"dna.unknown"
1.01630973296306,-0.375719698607358,-0.580135754195855,1.01490277365512,4,20.1950704752081,-31.4377599980352,9.64742591811105,0.00158620436624348,"line.ltr"
0.78219982471533,-0.0227262686176761,-0.303486740462652,0.552434763980537,4,20.1540854506747,-31.3557899489684,9.7293959671779,0.00152250795686717,"line.ltr"
0.244226528724093,0.702763905708147,0.340774535177201,-0.495596531849329,4,20.1461641820594,-31.3399474117379,9.74523850440837,0.00151049540251894,"line.ltr"
0.618406228771475,0.287065211090163,NA,NA,2,17.7770373060947,-31.2813473394621,9.8038385766842,0.00146687992048978,"line.ltr"
0.626172277977752,0.287520240427593,NA,NA,2,17.7565286122453,-31.2403299517633,9.84485596438299,0.0014371025207805,"line.ltr"
0.571029250301428,0.394490952636774,-0.0405198771591104,NA,3,18.8821226820147,-31.2061058291458,9.87908008700054,0.00141271994736141,"line.sine"
0.644086597660978,0.296954997461435,NA,NA,2,17.6745708265248,-31.0764143803224,10.0087715358239,0.00132401814545932,"line.sine"
0.7451088055283,0.0409461542134766,-0.272065163014143,0.517397150712763,4,19.9886979470344,-31.0250149416878,10.0601709744585,0.00129042476985858,"line.sine"
0.554931738762289,0.332141367391324,0.0309769684260413,NA,3,18.6454071524464,-30.732674770009,10.3525111461373,0.00111494085347452,"line.sine"
0.579839595035629,0.327954610005554,0.0699153082135892,NA,3,18.6285486122193,-30.6989576895549,10.3862282265913,0.00109630213051697,"line.sine"
0.55694172721309,0.406481095203305,NA,NA,2,17.477357499231,-30.6819877257347,10.4031981904116,0.00108703937948153,"line.others"
0.63744029468232,0.309701657006083,NA,NA,2,17.4553199193266,-30.637912565926,10.4472733502203,0.00106334569691346,"line.others"
0.584100881032485,0.256677445632982,0.125528189775715,NA,3,18.5868184141807,-30.6154972934776,10.4696886226687,0.00105149464037893,"line.others"
1.03358420673086,-0.44253289701877,-0.76572442411896,1.29853112889751,4,19.7673845224589,-30.5823880925368,10.5027978236095,0.00103423085848335,"line.others"
0.598407822856802,0.252854517818648,0.0141768060347597,NA,3,18.5496891107298,-30.5412386865759,10.5439472295704,0.00101316927662669,"line.others"
0.572485807255982,0.30591111644301,0.10618945222013,NA,3,18.5086411090324,-30.459142683181,10.6260432329653,0.000972422706213579,"line.unknown"
0.645857165816143,0.265136959718891,NA,NA,2,17.364534505544,-30.4563417383606,10.6288441777857,0.000971061808214968,"line.unknown"
0.650438060964035,0.280802889015907,NA,NA,2,17.3469357453365,-30.4211442179458,10.6640416982005,0.00095412182288907,"line.unknown"
0.561568577559595,0.354950648745549,0.0269822405776252,NA,3,18.4417218519164,-30.325304168949,10.7598817471972,0.000909478479472691,"line.unknown"
0.674319419247815,0.017017992611552,-0.422149226409021,0.932715440442337,4,19.5863067396064,-30.2202325268319,10.8649533893144,0.000862931673475275,"line.unknown"
0.442806404314552,0.554375054186788,0.15140915037646,-0.163721601102511,4,19.5523620357412,-30.1523431191014,10.9328427970449,0.000834131288991295,"ltr.sine"
0.667691031079951,0.222292191637835,NA,NA,2,17.1447012885743,-30.0166753044213,11.068510611725,0.000779425339156053,"ltr.sine"
0.624016877632461,0.311382736408635,NA,NA,2,17.1443368344621,-30.0159463961969,11.0692395199494,0.000779141326144042,"ltr.sine"
0.579161353011602,0.296467045640023,0.0812453028793148,NA,3,18.2264629432377,-29.8947863515917,11.1903995645546,0.000733342189405479,"ltr.sine"
0.723849966146703,0.25424122637837,-0.0741395067399102,NA,3,18.1905935146318,-29.82304749438,11.2621384217663,0.000707503798538165,"ltr.sine"
0.713086999421001,0.182582122278724,NA,NA,2,16.981121141926,-29.6895150111247,11.3956709050216,0.000661808842598092,"ltr.others"
0.458457879486625,0.550813615044747,0.189265404308165,-0.222536478377751,4,19.3151899334384,-29.6779989144959,11.4071870016504,0.000658009065456196,"ltr.others"
0.531745486230939,0.498568995679286,0.0447468471442866,NA,3,18.0891147344691,-29.6200899340546,11.4650959820917,0.000639229930503573,"ltr.others"
0.675693788279565,0.210656743940478,0.118972971664882,NA,3,18.0837716856444,-29.6094038364051,11.4757820797412,0.000635823601968204,"ltr.others"
0.637002148093597,0.288572427001097,NA,NA,2,16.9046080721523,-29.5364888715772,11.5486970445691,0.000613060537427998,"ltr.others"
0.580733406978898,0.308294413907563,0.0924332892506783,NA,3,18.00634674238,-29.4545539498763,11.63063196627,0.000588452509677539,"ltr.unknown"
0.595994479873974,0.352235947392311,-0.0434956887661696,NA,3,17.9729097267424,-29.387679918601,11.6975059975453,0.000569101732891055,"ltr.unknown"
0.665784430046169,0.237465628215873,0.0486341833240845,NA,3,17.9455816341722,-29.3330237334606,11.7521621826857,0.000553759854978469,"ltr.unknown"
0.558830046328343,0.34980544797968,NA,NA,2,16.7950799063384,-29.3174325399495,11.7677533761968,0.000549459749171998,"ltr.unknown"
0.965836926052269,-0.34879277099974,-0.693757380022921,1.19484622440209,4,19.1251556817506,-29.2979304111203,11.787255505026,0.000544127969276047,"ltr.unknown"
0.636559257536278,0.264999855135836,-0.175497149570188,0.287036851380431,4,19.1250279713675,-29.2976749903541,11.7875109257922,0.000544058482921788,"sine.others"
0.426793479398888,0.496885958365852,0.404140489692076,-0.458086712108284,4,19.0674982277381,-29.1826155030952,11.902570413051,0.000513642245565068,"sine.others"
0.589295727471099,0.286706050098126,0.0446858477470514,NA,3,17.8570822069791,-29.1560248790745,11.9291610370718,0.00050685840819444,"sine.others"
0.790749612025156,NA,0.177619647872219,NA,2,16.6881360706851,-29.103544868643,11.9816410475033,0.000493731420229818,"sine.others"
0.730651776505542,-0.0482605901996368,-0.46202049381607,0.990478582096321,4,19.0036654653966,-29.0549499784122,12.0302359377341,0.000481879575983835,"sine.others"
0.587109506287828,0.221032675257679,0.133938162780269,NA,3,17.8057265859157,-29.0533136369478,12.0318722791985,0.00048148547746025,"sine.unknown"
0.605036180215321,0.272436411803611,0.0766938741559459,NA,3,17.7792321809872,-29.0003248270908,12.0848610890555,0.000468896313860939,"sine.unknown"
0.678629897464342,NA,0.272622633580276,NA,2,16.6148397402818,-28.9569522078363,12.1282337083099,0.000458837150509962,"sine.unknown"
0.776068840755162,NA,0.200294847484449,NA,2,16.5954304805028,-28.9181336882782,12.1670522278681,0.00045001733102456,"sine.unknown"
0.689960078984153,NA,0.270772033052035,NA,2,16.572266864705,-28.8718064566828,12.2133794594635,0.000439713104761766,"sine.unknown"
0.585017814612337,0.373563008558638,NA,NA,2,16.5668790176815,-28.8610307626358,12.2241551535105,0.000437350368565312,"others.unknown"
0.382445756571265,0.606834995375633,0.349335779878625,-0.367992985481115,4,18.8466522172544,-28.7409234821278,12.3442624340185,0.000411858973052347,"others.unknown"
0.611285142694831,0.300446843258827,NA,NA,2,16.4858431802431,-28.6989590877589,12.3862268283874,0.000403307297082484,"others.unknown"
0.723762006147858,0.156059242698006,NA,NA,2,16.4489591798873,-28.6251910870473,12.4599948290989,0.000388702704170831,"others.unknown"
0.590715819069756,0.397155310388964,-0.0523432076401357,NA,3,17.5753321679363,-28.5925248009888,12.4926611151575,0.000382405533593154,"others.unknown"
0.618560286007762,0.534588193224933,0.0433979663287993,-0.340582650815168,4,18.7084240518659,-28.4644671513509,12.6207187647954,0.000358687963093986,"dna.line.ltr"
0.814392647738648,-0.0301413918391378,-0.271893297703875,0.466798746824606,4,18.6678937007974,-28.3834064492138,12.7017794669325,0.000344440883851559,"dna.line.ltr"
0.679340645536562,-0.0462030770759152,-0.482068424705321,1.18882283972872,4,18.6641893311933,-28.3759977100056,12.7091882061407,0.000343167307865469,"dna.line.ltr"
0.525845991731861,0.416454262439554,0.138921855004297,-0.105726068595242,4,18.6488868888202,-28.3453928252594,12.7397930908869,0.000337955984591511,"dna.line.ltr"
0.694972340120663,0.122203719807578,-0.285130037126802,0.549093054860732,4,18.6338346716634,-28.3152883909459,12.7698975252004,0.000332907091565767,"dna.line.ltr"
0.612071931012087,0.228275749036793,-0.023633484273641,0.0709411511715812,4,18.5751152004183,-28.1978494484556,12.8873364676907,0.000313921820465764,"dna.line.sine"
0.367195044755246,0.524139250889033,0.494151325492856,-0.528215857293936,4,18.5508270719795,-28.1492731915781,12.9359127245682,0.00030638909517114,"dna.line.sine"
0.593739647652799,0.302548820858995,NA,NA,2,16.1835409482696,-28.094354623812,12.9908312923343,0.000298090330536143,"dna.line.sine"
0.75655449532908,0.0199852146496888,-0.24074427668586,0.463694775673219,4,18.5227548853052,-28.0931288182295,12.9920570979168,0.000297907686117869,"dna.line.sine"
0.555574693209472,0.416969809846216,0.223566894968648,-0.30449116604967,4,18.4865987221665,-28.020816491952,13.0643694241943,0.000287328884083513,"dna.line.sine"
0.587974252588061,0.318018804065635,0.0526778185199077,NA,3,17.2795875126791,-28.0010354904745,13.0841504256718,0.000284501064869107,"dna.line.others"
0.865443898603876,-0.131174315257525,-0.436133052475683,0.780037988397245,4,18.4754154359631,-27.9984499195452,13.086735996601,0.000284133503667853,"dna.line.others"
0.842889851155784,NA,-0.152417944925958,NA,2,16.1237236359361,-27.9747199991449,13.1104659170014,0.000280782191861516,"dna.line.others"
0.857584705745735,NA,-0.159013991411385,NA,2,16.115511307233,-27.9582953417388,13.1268905744075,0.000278485758646585,"dna.line.others"
0.381132558511567,0.627617944441555,0.348059593952239,-0.387034530888469,4,18.3407316688738,-27.7290823853667,13.3561035307796,0.000248330481053497,"dna.line.others"
0.503143482956657,0.415983618443007,0.188607345195636,-0.18272572595794,4,18.3170132174843,-27.6816454825876,13.4035404335587,0.000242509768627286,"dna.line.unknown"
0.701626913301806,0.164334974521367,0.0621724208793079,NA,3,17.0859750082438,-27.6138104816039,13.4713754345424,0.000234422370883929,"dna.line.unknown"
0.610028590091847,0.274936339533248,NA,NA,2,15.9258105322652,-27.5788937918031,13.5062921243432,0.000230365262527104,"dna.line.unknown"
0.59864210250336,0.296882757344982,0.0560649090706646,NA,3,17.0622386659757,-27.5663377970676,13.5188481190787,0.000228923560252058,"dna.line.unknown"
0.635256007846999,0.24487468360582,NA,NA,2,15.9170489007536,-27.5613705287799,13.5238153873664,0.000228355703347779,"dna.line.unknown"
0.728110055656039,0.14915783825523,NA,NA,2,15.886655891621,-27.5005845105148,13.5846014056315,0.000221519696000834,"dna.ltr.sine"
0.688111987505713,0.0894355584054268,0.170889597796956,NA,3,17.0270027155265,-27.4958658961693,13.589320019977,0.000220997679034483,"dna.ltr.sine"
0.609355871367888,0.256247452162118,NA,NA,2,15.8038674257563,-27.3350075787853,13.750178337361,0.000203919037621469,"dna.ltr.sine"
0.653287369694799,0.24509606098805,0.214560895571325,-0.112120538664826,4,18.1427878772372,-27.3331948020934,13.7519911140529,0.000203734291520759,"dna.ltr.sine"
0.825798835538775,-0.088443463844562,0.189345608855806,NA,3,16.9390333922437,-27.3199272496036,13.7652586665427,0.000202387236787225,"dna.ltr.sine"
0.640036778777472,0.252583433711145,NA,NA,2,15.7624196456547,-27.252112018582,13.8330738975642,0.000195639809229847,"dna.ltr.others"
0.523259260258662,0.521986026009487,0.060661300490776,-0.0574557558976974,4,18.0935647043919,-27.2347484564029,13.8504374597434,0.000193948658954236,"dna.ltr.others"
0.513502550675238,0.386166772855149,0.0338595583277033,NA,3,16.8383920612469,-27.11864458761,13.9665413285363,0.000183010137059779,"dna.ltr.others"
0.678607244328473,0.0555379557398641,0.214750808032537,NA,3,16.7559946428316,-26.9538497507794,14.1313361653669,0.000168535115160866,"dna.ltr.others"
0.635767761610929,0.365186310006781,-0.0816500099822286,NA,3,16.7386680992226,-26.9191966635614,14.1659892525849,0.00016564013654951,"dna.ltr.others"
0.871111428993218,NA,-0.166535133178936,NA,2,15.5577695428353,-26.8428118129433,14.242374103203,0.000159433221048472,"dna.ltr.unknown"
0.635951476713899,0.226758091671614,NA,NA,2,15.5562009329759,-26.8396745932245,14.2455113229218,0.000159183328569159,"dna.ltr.unknown"
0.869846830180202,NA,-0.163609073726553,NA,2,15.5331452778843,-26.7935632830414,14.2916226331049,0.000155555237370896,"dna.ltr.unknown"
0.576102214528377,0.318831040907816,0.119812055327048,-0.0748940115640577,4,17.7963667784878,-26.6403526045946,14.4448333115517,0.000144083868989124,"dna.ltr.unknown"
0.864488555101925,NA,-0.326328378412495,NA,2,15.3923478001796,-26.5119683276319,14.5732175885144,0.000135125424175351,"dna.ltr.unknown"
0.559033964755754,0.337255707911184,0.330200312556787,-0.332671776149973,4,17.7216832708926,-26.4909855894043,14.594200326742,0.000133715184083604,"dna.sine.others"
0.623732935239711,0.283700016413246,-0.180191175964224,0.333094707175694,4,17.7095308280495,-26.4666807037181,14.6185052124282,0.000132100051730672,"dna.sine.others"
0.588075291571426,0.312642890466431,0.0252806087708551,NA,3,16.4967684898141,-26.4353974447445,14.6497884714018,0.000130049867576542,"dna.sine.others"
0.670034143144671,0.218588230193956,NA,NA,2,15.3105749325448,-26.3484225923623,14.736763323784,0.000124515542497794,"dna.sine.others"
0.852022461429714,NA,-0.147656717484754,NA,2,15.2825009403965,-26.2922746080658,14.7929113080805,0.000121068506560492,"dna.sine.others"
0.735073716404616,NA,0.1871449253983,NA,2,15.2566445129737,-26.24056175322,14.8446241629263,0.000117978231411251,"dna.sine.unknown"
0.843972580514096,NA,-0.140350019604448,NA,2,15.2496350869703,-26.2265429012133,14.858643014933,0.000117154163224666,"dna.sine.unknown"
0.793871987049611,NA,NA,NA,1,14.1492025170123,-26.2095161451357,14.8756697710106,0.000116161019048609,"dna.sine.unknown"
0.793871987049611,NA,NA,NA,1,14.1492025170123,-26.2095161451357,14.8756697710106,0.000116161019048609,"dna.sine.unknown"
0.793871987049611,NA,NA,NA,1,14.1492025170123,-26.2095161451357,14.8756697710106,0.000116161019048609,"dna.sine.unknown"
0.793871987049611,NA,NA,NA,1,14.1492025170123,-26.2095161451357,14.8756697710106,0.000116161019048609,"dna.others.unknown"
0.793871987049611,NA,NA,NA,1,14.1492025170123,-26.2095161451357,14.8756697710106,0.000116161019048609,"dna.others.unknown"
0.793871987049611,NA,NA,NA,1,14.1492025170123,-26.2095161451357,14.8756697710106,0.000116161019048609,"dna.others.unknown"
0.793871987049611,NA,NA,NA,1,14.1492025170123,-26.2095161451357,14.8756697710106,0.000116161019048609,"dna.others.unknown"
0.793871987049611,NA,NA,NA,1,14.1492025170123,-26.2095161451357,14.8756697710106,0.000116161019048609,"dna.others.unknown"
0.793871987049611,NA,NA,NA,1,14.1492025170123,-26.2095161451357,14.8756697710106,0.000116161019048609,"line.ltr.sine"
0.793871987049611,NA,NA,NA,1,14.1492025170123,-26.2095161451357,14.8756697710106,0.000116161019048609,"line.ltr.sine"
0.793871987049611,NA,NA,NA,1,14.1492025170123,-26.2095161451357,14.8756697710106,0.000116161019048609,"line.ltr.sine"
0.793871987049611,NA,NA,NA,1,14.1492025170123,-26.2095161451357,14.8756697710106,0.000116161019048609,"line.ltr.sine"
0.793871987049611,NA,NA,NA,1,14.1492025170123,-26.2095161451357,14.8756697710106,0.000116161019048609,"line.ltr.sine"
0.793871987049611,NA,NA,NA,1,14.1492025170123,-26.2095161451357,14.8756697710106,0.000116161019048609,"line.ltr.others"
0.793871987049611,NA,NA,NA,1,14.1492025170123,-26.2095161451357,14.8756697710106,0.000116161019048609,"line.ltr.others"
0.793871987049611,NA,NA,NA,1,14.1492025170123,-26.2095161451357,14.8756697710106,0.000116161019048609,"line.ltr.others"
0.793871987049611,NA,NA,NA,1,14.1492025170123,-26.2095161451357,14.8756697710106,0.000116161019048609,"line.ltr.others"
0.793871987049611,NA,NA,NA,1,14.1492025170123,-26.2095161451357,14.8756697710106,0.000116161019048609,"line.ltr.others"
0.793871987049611,NA,NA,NA,1,14.1492025170123,-26.2095161451357,14.8756697710106,0.000116161019048609,"line.ltr.unknown"
0.793871987049611,NA,NA,NA,1,14.1492025170123,-26.2095161451357,14.8756697710106,0.000116161019048609,"line.ltr.unknown"
0.793871987049611,NA,NA,NA,1,14.1492025170123,-26.2095161451357,14.8756697710106,0.000116161019048609,"line.ltr.unknown"
0.793871987049611,NA,NA,NA,1,14.1492025170123,-26.2095161451357,14.8756697710106,0.000116161019048609,"line.ltr.unknown"
0.793871987049611,NA,NA,NA,1,14.1492025170123,-26.2095161451357,14.8756697710106,0.000116161019048609,"line.ltr.unknown"
0.793871987049611,NA,NA,NA,1,14.1492025170123,-26.2095161451357,14.8756697710106,0.000116161019048609,"line.sine.others"
0.793871987049611,NA,NA,NA,1,14.1492025170123,-26.2095161451357,14.8756697710106,0.000116161019048609,"line.sine.others"
0.793871987049611,NA,NA,NA,1,14.1492025170123,-26.2095161451357,14.8756697710106,0.000116161019048609,"line.sine.others"
0.793871987049611,NA,NA,NA,1,14.1492025170123,-26.2095161451357,14.8756697710106,0.000116161019048609,"line.sine.others"
0.793871987049611,NA,NA,NA,1,14.1492025170123,-26.2095161451357,14.8756697710106,0.000116161019048609,"line.sine.others"
0.793871987049611,NA,NA,NA,1,14.1492025170123,-26.2095161451357,14.8756697710106,0.000116161019048609,"line.sine.unknown"
0.793871987049611,NA,NA,NA,1,14.1492025170123,-26.2095161451357,14.8756697710106,0.000116161019048609,"line.sine.unknown"
0.793871987049611,NA,NA,NA,1,14.1492025170123,-26.2095161451357,14.8756697710106,0.000116161019048609,"line.sine.unknown"
0.793871987049611,NA,NA,NA,1,14.1492025170123,-26.2095161451357,14.8756697710106,0.000116161019048609,"line.sine.unknown"
0.793871987049611,NA,NA,NA,1,14.1492025170123,-26.2095161451357,14.8756697710106,0.000116161019048609,"line.sine.unknown"
0.793871987049611,NA,NA,NA,1,14.1492025170123,-26.2095161451357,14.8756697710106,0.000116161019048609,"line.others.unknown"
0.793871987049611,NA,NA,NA,1,14.1492025170123,-26.2095161451357,14.8756697710106,0.000116161019048609,"line.others.unknown"
0.793871987049611,NA,NA,NA,1,14.1492025170123,-26.2095161451357,14.8756697710106,0.000116161019048609,"line.others.unknown"
0.793871987049611,NA,NA,NA,1,14.1492025170123,-26.2095161451357,14.8756697710106,0.000116161019048609,"line.others.unknown"
0.793871987049611,NA,NA,NA,1,14.1492025170123,-26.2095161451357,14.8756697710106,0.000116161019048609,"line.others.unknown"
0.793871987049611,NA,NA,NA,1,14.1492025170123,-26.2095161451357,14.8756697710106,0.000116161019048609,"ltr.sine.others"
0.793871987049611,NA,NA,NA,1,14.1492025170123,-26.2095161451357,14.8756697710106,0.000116161019048609,"ltr.sine.others"
0.793871987049611,NA,NA,NA,1,14.1492025170123,-26.2095161451357,14.8756697710106,0.000116161019048609,"ltr.sine.others"
0.793871987049611,NA,NA,NA,1,14.1492025170123,-26.2095161451357,14.8756697710106,0.000116161019048609,"ltr.sine.others"
0.793871987049611,NA,NA,NA,1,14.1492025170123,-26.2095161451357,14.8756697710106,0.000116161019048609,"ltr.sine.others"
0.793871987049611,NA,NA,NA,1,14.1492025170123,-26.2095161451357,14.8756697710106,0.000116161019048609,"ltr.sine.unknown"
0.793871987049611,NA,NA,NA,1,14.1492025170123,-26.2095161451357,14.8756697710106,0.000116161019048609,"ltr.sine.unknown"
0.793871987049611,NA,NA,NA,1,14.1492025170123,-26.2095161451357,14.8756697710106,0.000116161019048609,"ltr.sine.unknown"
0.793871987049611,NA,NA,NA,1,14.1492025170123,-26.2095161451357,14.8756697710106,0.000116161019048609,"ltr.sine.unknown"
0.793871987049611,NA,NA,NA,1,14.1492025170123,-26.2095161451357,14.8756697710106,0.000116161019048609,"ltr.sine.unknown"
0.793871987049611,NA,NA,NA,1,14.1492025170123,-26.2095161451357,14.8756697710106,0.000116161019048609,"ltr.others.unknown"
0.793871987049611,NA,NA,NA,1,14.1492025170123,-26.2095161451357,14.8756697710106,0.000116161019048609,"ltr.others.unknown"
0.793871987049611,NA,NA,NA,1,14.1492025170123,-26.2095161451357,14.8756697710106,0.000116161019048609,"ltr.others.unknown"
0.793871987049611,NA,NA,NA,1,14.1492025170123,-26.2095161451357,14.8756697710106,0.000116161019048609,"ltr.others.unknown"
0.793871987049611,NA,NA,NA,1,14.1492025170123,-26.2095161451357,14.8756697710106,0.000116161019048609,"ltr.others.unknown"
0.793871987049611,NA,NA,NA,1,14.1492025170123,-26.2095161451357,14.8756697710106,0.000116161019048609,"sine.others.unknown"
0.793871987049611,NA,NA,NA,1,14.1492025170123,-26.2095161451357,14.8756697710106,0.000116161019048609,"sine.others.unknown"
0.793871987049611,NA,NA,NA,1,14.1492025170123,-26.2095161451357,14.8756697710106,0.000116161019048609,"sine.others.unknown"
0.793871987049611,NA,NA,NA,1,14.1492025170123,-26.2095161451357,14.8756697710106,0.000116161019048609,"sine.others.unknown"
0.793871987049611,NA,NA,NA,1,14.1492025170123,-26.2095161451357,14.8756697710106,0.000116161019048609,"sine.others.unknown"
0.793871987049611,NA,NA,NA,1,14.1492025170123,-26.2095161451357,14.8756697710106,0.000116161019048609,"dna.line.ltr.sine"
0.793871987049611,NA,NA,NA,1,14.1492025170123,-26.2095161451357,14.8756697710106,0.000116161019048609,"dna.line.ltr.sine"
0.793871987049611,NA,NA,NA,1,14.1492025170123,-26.2095161451357,14.8756697710106,0.000116161019048609,"dna.line.ltr.sine"
0.793871987049611,NA,NA,NA,1,14.1492025170123,-26.2095161451357,14.8756697710106,0.000116161019048609,"dna.line.ltr.sine"
0.793871987049611,NA,NA,NA,1,14.1492025170123,-26.2095161451357,14.8756697710106,0.000116161019048609,"dna.line.ltr.sine"
0.740472640438447,NA,0.185938103948988,NA,2,15.2283917348109,-26.1840561968945,14.9011297192518,0.000114691664547313,"dna.line.ltr.others"
0.66589659184222,0.192567967531087,NA,NA,2,15.2244271590065,-26.1761270452857,14.9090588708606,0.000114237860912937,"dna.line.ltr.others"
0.915409593043631,NA,-0.202089810092707,NA,2,15.2074009510667,-26.1420746294061,14.9431112867402,0.000112309288069126,"dna.line.ltr.others"
0.876688465139886,NA,-0.287938731629976,NA,2,15.2012697193082,-26.129812165889,14.9553737502573,0.000111622800453211,"dna.line.ltr.others"
0.91984661143606,NA,-0.205421627987798,NA,2,15.1947945329075,-26.1168617930877,14.9683241230586,0.00011090235703366,"dna.line.ltr.others"
0.769307828996541,NA,0.160220128519613,NA,2,15.1614218465814,-26.0501164204356,15.0350694957107,0.000107262324127841,"dna.line.ltr.unknown"
0.76191217719913,NA,0.169866661318802,NA,2,15.116974681039,-25.9612220893507,15.1239638267956,0.00010259921646836,"dna.line.ltr.unknown"
0.726562405454993,0.11384603630934,NA,NA,2,15.0732375313917,-25.8737477900561,15.2114381260902,9.82085369892832e-05,"dna.line.ltr.unknown"
0.676382214217628,0.202598965237391,NA,NA,2,15.0722098942378,-25.8716925157483,15.213493400398,9.81076660860641e-05,"dna.line.ltr.unknown"
0.69862066470264,-0.0515592904980162,-0.416689900106386,1.01674026876895,4,17.4071550431738,-25.8619291339666,15.2232567821797,9.7629901883585e-05,"dna.line.ltr.unknown"
0.625055863715957,0.289675557670884,0.178268173960885,-0.20065482236418,4,17.3863048411372,-25.8202287298934,15.2649571862529,9.56153733489332e-05,"dna.line.sine.others"
0.58582974088026,0.308895447171235,0.00630153333058827,NA,3,16.1848857170568,-25.8116318992299,15.2735540169164,9.52052608106428e-05,"dna.line.sine.others"
0.690252848463595,0.164283891415138,NA,NA,2,15.0239040711879,-25.7750808696485,15.3101050464978,9.34811382591522e-05,"dna.line.sine.others"
0.683196089581563,0.232602278911565,NA,NA,2,15.0040041466655,-25.7352810206038,15.3499048955425,9.16392580844752e-05,"dna.line.sine.others"
0.690772894931269,0.173507817943981,NA,NA,2,15.0024665294376,-25.732205786148,15.3529801299983,9.14984602568146e-05,"dna.line.sine.others"
0.659324861675165,0.129077301506052,-0.313053962117843,0.757791858670419,4,17.3073984459361,-25.6624159394913,15.422769976655,8.83606929629475e-05,"dna.line.sine.unknown"
0.504145951883357,0.375625262819625,0.0767971395052397,NA,3,16.0890072056864,-25.6198748764891,15.4653110396572,8.65010618440364e-05,"dna.line.sine.unknown"
0.54370276907432,0.330136983688114,0.0728553939180412,NA,3,16.0735823908149,-25.5890252467462,15.4961606694001,8.51770366520866e-05,"dna.line.sine.unknown"
0.864255852811623,NA,-0.119494390055961,NA,2,14.913298604076,-25.5538699354247,15.5313159807216,8.3692906013225e-05,"dna.line.sine.unknown"
0.864299951030064,NA,-0.114122987115563,NA,2,14.9077036522601,-25.542680031793,15.5425058843533,8.32259557369973e-05,"dna.line.sine.unknown"
0.706030657289461,0.155466938036299,NA,NA,2,14.8783204791319,-25.4839136855366,15.6012722306097,8.08160911858863e-05,"dna.line.others.unknown"
0.856763934103477,NA,-0.10468116035486,NA,2,14.8765964865797,-25.4804657004322,15.6047202157141,8.06768848763827e-05,"dna.line.others.unknown"
0.867771028159072,NA,-0.122549634863416,NA,2,14.8694663815482,-25.4662054903692,15.6189804257771,8.01036960900552e-05,"dna.line.others.unknown"
0.708788564555293,0.160180115702516,NA,NA,2,14.8294983272541,-25.386269381781,15.6989165343653,7.69652439101672e-05,"dna.line.others.unknown"
0.695878448613382,0.147694450496407,NA,NA,2,14.8013102121211,-25.3298931515149,15.7552927646314,7.48260305935378e-05,"dna.line.others.unknown"
0.712065294418145,NA,0.141836021967875,NA,2,14.7778034497536,-25.2828796267799,15.8023062893664,7.30876250644906e-05,"dna.ltr.sine.others"
0.697472868691808,0.179736398851685,-0.0712020011951495,NA,3,15.9194683981292,-25.2807972613746,15.8043886547717,7.30115670954888e-05,"dna.ltr.sine.others"
0.837013668998735,-0.112888183329183,-0.0776085061903151,0.294368740063632,4,17.1080624066951,-25.2637438610092,15.8214420551371,7.23916659643411e-05,"dna.ltr.sine.others"
0.710330944770387,NA,0.137636155280879,NA,2,14.7631784599042,-25.2536296470811,15.8315562690652,7.20264976920035e-05,"dna.ltr.sine.others"
0.84211624278808,NA,-0.0960986514638558,NA,2,14.7523412479158,-25.2319552231043,15.853230693042,7.12501456119867e-05,"dna.ltr.sine.others"
0.840239499726585,NA,-0.092996844675986,NA,2,14.7284575379882,-25.1841878032491,15.9009981128972,6.95685886449789e-05,"dna.ltr.sine.unknown"
0.736422269739372,NA,0.0909400009263504,NA,2,14.6744802626204,-25.0762332525136,16.0089526636327,6.59130123182184e-05,"dna.ltr.sine.unknown"
0.734761633912784,NA,0.0951582018100813,NA,2,14.6561488027524,-25.0395703327775,16.0456155833688,6.47157379989179e-05,"dna.ltr.sine.unknown"
0.73479574333161,NA,0.10299197362323,NA,2,14.6492743305663,-25.0258213884054,16.0593645277409,6.42723771400309e-05,"dna.ltr.sine.unknown"
0.745585385046097,NA,0.0948504780987943,NA,2,14.648577801161,-25.0244283295947,16.0607575865516,6.42276251267564e-05,"dna.ltr.sine.unknown"
0.887582557531018,NA,-0.149958573635383,NA,2,14.6310174667572,-24.9893076607872,16.0958782553591,6.31096116266074e-05,"dna.ltr.others.unknown"
0.890804645653203,NA,-0.148493336144055,NA,2,14.6306651453317,-24.9886030179361,16.0965828982102,6.3087380674726e-05,"dna.ltr.others.unknown"
0.614100550843803,0.267476262824119,0.0258370912675629,NA,3,15.7720690876018,-24.9859986403198,16.0991872758265,6.30052824589659e-05,"dna.ltr.others.unknown"
0.672682469004387,0.185193636404713,NA,NA,2,14.6269666782494,-24.9812060837715,16.1039798323748,6.2854485017927e-05,"dna.ltr.others.unknown"
0.743962065687692,0.131982368587063,-0.0904588186341982,NA,3,15.7398168823603,-24.921494229837,16.1636916863093,6.10056428840042e-05,"dna.ltr.others.unknown"
0.774713904290192,NA,0.0591483274456814,NA,2,14.5491053955909,-24.8254835184545,16.2597023976918,5.81462280210511e-05,"dna.sine.others.unknown"
0.774321614025027,NA,0.0638670970148891,NA,2,14.5449109375302,-24.8170946023331,16.2680913138132,5.79028468890321e-05,"dna.sine.others.unknown"
0.625018307371266,0.163826012207284,0.277844545057494,-0.138528127701664,4,16.8489698385521,-24.7455587247232,16.3396271914231,5.58683825959674e-05,"dna.sine.others.unknown"
0.845001546159766,NA,-0.0944406820424839,NA,2,14.4324688797704,-24.5922104868135,16.4929754293328,5.17448284944897e-05,"dna.sine.others.unknown"
0.854850434852123,NA,-0.108080171432284,NA,2,14.4234082591971,-24.574089245667,16.5110966704793,5.12781058283262e-05,"dna.sine.others.unknown"
0.854934487220642,NA,-0.0970055509255526,NA,2,14.4093226050179,-24.5459179373085,16.5392679788378,5.05608832953231e-05,"line.ltr.sine.others"
0.855995122024087,NA,-0.0970971302321638,NA,2,14.3987976490443,-24.5248680253613,16.560317890785,5.00315228589343e-05,"line.ltr.sine.others"
0.834943599949066,NA,-0.0761036347572013,NA,2,14.3916481881263,-24.5105691035254,16.5746168126209,4.96751000751749e-05,"line.ltr.sine.others"
0.831513846519742,NA,-0.0685525883799083,NA,2,14.3867237783426,-24.5007202839579,16.5844656321884,4.94310808448158e-05,"line.ltr.sine.others"
0.763225923839296,NA,0.0595763178807433,NA,2,14.3665244339737,-24.4603215952202,16.6248643209261,4.84426221376974e-05,"line.ltr.sine.others"
0.765784513018876,NA,0.0586223456365397,NA,2,14.3609384628569,-24.4491496529865,16.6360362631598,4.81727774236656e-05,"line.ltr.sine.unknown"
0.740477481289173,0.10910177077643,NA,NA,2,14.3520025551882,-24.4312778376491,16.6539080784972,4.77442275252792e-05,"line.ltr.sine.unknown"
0.727181885771848,NA,0.142408262562237,NA,2,14.3331521234315,-24.3935769741358,16.6916089420105,4.68526578597251e-05,"line.ltr.sine.unknown"
0.73286428187089,NA,0.129150004383449,NA,2,14.3319821085968,-24.3912369444663,16.69394897168,4.67978716115949e-05,"line.ltr.sine.unknown"
0.776680750575325,NA,0.0410370080614543,NA,2,14.287825453833,-24.3029236349387,16.7822622812076,4.47763934552392e-05,"line.ltr.sine.unknown"
0.710906543137426,0.110321500825778,0.0547691926904681,NA,3,15.4286215953921,-24.2991036559006,16.7860822602457,4.46909526345482e-05,"line.ltr.others.unknown"
0.769666188975063,NA,0.053808859699198,NA,2,14.2851730473031,-24.2976188218788,16.7875670942674,4.46577856244805e-05,"line.ltr.others.unknown"
0.773563041037961,NA,0.0517996312920304,NA,2,14.2835807167278,-24.2944341607284,16.7907517554179,4.45867322522493e-05,"line.ltr.others.unknown"
0.777226333477308,NA,0.0416899429813905,NA,2,14.2827666980091,-24.292806123291,16.7923797928553,4.45504525857575e-05,"line.ltr.others.unknown"
0.599273106360621,0.281838279608514,0.0636095824253109,NA,3,15.4249525043259,-24.291765473768,16.7934204423783,4.45272779118433e-05,"line.ltr.others.unknown"
0.775691022194832,0.027699278528518,NA,NA,2,14.2372835753441,-24.201839877961,16.8833460381853,4.2569549203624e-05,"line.sine.others.unknown"
0.763477502580337,NA,0.0483794078677587,NA,2,14.2276959953848,-24.1826647180423,16.902521198104,4.21633605413986e-05,"line.sine.others.unknown"
0.762742870665483,NA,0.0474268428431877,NA,2,14.226471502927,-24.1802157331267,16.9049701830196,4.21117634210086e-05,"line.sine.others.unknown"
0.820994798906708,NA,-0.0545348566104181,NA,2,14.2260419587656,-24.1793566448039,16.9058292713424,4.20936784433303e-05,"line.sine.others.unknown"
0.818693356595585,NA,-0.0503123360135731,NA,2,14.2250614188308,-24.1773955649343,16.907790351212,4.20524241396654e-05,"line.sine.others.unknown"
0.786846848649646,0.114616808847625,-0.112753617928155,NA,3,15.3671129520247,-24.1760863691656,16.9090995469806,4.20249057195262e-05,"ltr.sine.others.unknown"
0.697396795419544,0.0555642963131555,-0.169442708266678,0.439083230886971,4,16.5570823986268,-24.1617838448727,16.9234020712736,4.17254466334667e-05,"ltr.sine.others.unknown"
0.787728804253009,NA,0.0281038039092979,NA,2,14.2126171765472,-24.1525070803672,16.9326788357791,4.15323562220691e-05,"ltr.sine.others.unknown"
0.78608327424755,NA,0.030991250470139,NA,2,14.2110469455822,-24.1493666184371,16.9358192977092,4.14671920051034e-05,"ltr.sine.others.unknown"
0.824715667335532,NA,-0.0537753994247592,NA,2,14.1961562374317,-24.1195852021361,16.9656007140102,4.08542907430473e-05,"ltr.sine.others.unknown"
0.825542667052777,NA,-0.0524797416935303,NA,2,14.1957017030587,-24.1186761333902,16.9665097827561,4.08357252832615e-05,"dna.line.ltr.sine.others"
0.474089226780941,0.299012916727932,0.249941433966873,NA,3,15.3383455145864,-24.1185514942891,16.9666344218572,4.08331804985125e-05,"dna.line.ltr.sine.others"
0.778403977584788,NA,0.025624957988686,NA,2,14.1788598672101,-24.0849924616929,17.0001934544534,4.01537357990575e-05,"dna.line.ltr.sine.others"
0.777986866599193,NA,0.0258088463859776,NA,2,14.1780251362106,-24.0833229996938,17.0018629164525,4.01202322162236e-05,"dna.line.ltr.sine.others"
0.772218617158881,0.0445379512652637,NA,NA,2,14.1673132397402,-24.0618992067531,17.0232867093932,3.96927620379914e-05,"dna.line.ltr.sine.others"
0.803663912015124,-0.0245645458114763,NA,NA,2,14.1672986203282,-24.061869967929,17.0233159482173,3.96921817573898e-05,"dna.line.ltr.sine.unknown"
0.776603799760168,0.0390033612901813,NA,NA,2,14.1656344029316,-24.058541533136,17.0266443830103,3.96261802736451e-05,"dna.line.ltr.sine.unknown"
0.798270156425496,NA,-0.00936760737457206,NA,2,14.1562466514798,-24.0397660302324,17.0454198859139,3.92559202161912e-05,"dna.line.ltr.sine.unknown"
0.798296344206316,NA,-0.00943472336421839,NA,2,14.1562218860287,-24.0397164993302,17.0454694168161,3.92549480376575e-05,"dna.line.ltr.sine.unknown"
0.791138665648878,NA,0.00457474307305986,NA,2,14.1508145039624,-24.0289017351976,17.0562841809487,3.90432544056227e-05,"dna.line.ltr.sine.unknown"
0.791249412131128,NA,0.00432091852511982,NA,2,14.150729675219,-24.0287320777107,17.0564538384356,3.90399425558837e-05,"dna.line.ltr.others.unknown"
0.79540917984219,NA,-0.00533436089662997,NA,2,14.1494699763094,-24.0262126798915,17.0589732362548,3.89907949449095e-05,"dna.line.ltr.others.unknown"
0.84433078402631,-0.000444170205644242,-0.140536768877006,NA,3,15.2496567824735,-23.9411740300633,17.144011886083,3.73676839840237e-05,"dna.line.ltr.others.unknown"
0.532654143913022,0.272240774092714,0.142192977752527,NA,3,15.2167551810189,-23.875370827154,17.2098150889923,3.61582328795569e-05,"dna.line.ltr.others.unknown"
0.574754577574807,0.295557554008624,0.0884222856820506,NA,3,15.2130947227129,-23.868049910542,17.2171360056043,3.60261191216493e-05,"dna.line.ltr.others.unknown"
0.898125567233283,0.0149963887158755,-0.189894849041886,NA,3,15.2103957061404,-23.8626518773971,17.2225340387492,3.5929015130686e-05,"dna.line.sine.others.unknown"
0.50635917606081,0.295175672644138,0.227913772551904,NA,3,15.209628571144,-23.8611176074042,17.2240683087421,3.59014632951316e-05,"dna.line.sine.others.unknown"
0.75482303846924,-0.0163770372425498,-0.192458186988549,0.454696967689447,4,16.4051313238935,-23.857881695406,17.2273042207402,3.58434232729803e-05,"dna.line.sine.others.unknown"
0.547418800259467,0.27493264096197,0.129863246849943,NA,3,15.1666495077166,-23.7751594805494,17.3100264355968,3.43911406355564e-05,"dna.line.sine.others.unknown"
0.641093376981634,0.268914323161077,0.050319409367571,NA,3,15.0614226219291,-23.5647057089745,17.5204802071718,3.09561629636657e-05,"dna.line.sine.others.unknown"
0.365821574450296,0.627357843671893,0.672888386292466,-1.03686573155176,4,16.1183131159954,-23.2842452796099,17.8009406365364,2.69058003854797e-05,"dna.ltr.sine.others.unknown"
0.592743530560588,0.244372097929651,0.143016981907864,NA,3,14.7743414647283,-22.9905433945728,18.0946425215735,2.3231077938257e-05,"dna.ltr.sine.others.unknown"
0.637939996226823,0.376250170168263,0.44948337188409,-1.42678077452742,4,15.8845176298342,-22.8166543072875,18.2685316088588,2.12965780507638e-05,"dna.ltr.sine.others.unknown"
0.590699635311558,0.396871101273984,0.183094667877825,-0.526761737616621,4,15.7241016737476,-22.4958223951142,18.5893635210321,1.81401996162279e-05,"dna.ltr.sine.others.unknown"
0.638717578897606,0.138856207690959,0.198310789090665,NA,3,14.4897071577082,-22.4212747805326,18.6639111356137,1.7476491614635e-05,"dna.ltr.sine.others.unknown"
0.437724353782749,0.544736175709533,0.531680969322335,-0.83448484051537,4,15.625338057896,-22.2982951634111,18.7868907527352,1.64342378586957e-05,"line.ltr.sine.others.unknown"
0.662647688340453,0.101046522296813,0.175309253797027,NA,3,14.4173640701954,-22.2765886055072,18.8085973106391,1.62568369231611e-05,"line.ltr.sine.others.unknown"
0.750595894994983,0.101182653954192,-0.0125521534962181,NA,3,14.355028973657,-22.1519184124302,18.9332675037161,1.52744035599976e-05,"line.ltr.sine.others.unknown"
0.65292968345338,0.295983215696624,0.188040311809349,-0.66635502329414,4,15.473864640905,-21.995348329429,19.0898375867173,1.41242533574528e-05,"line.ltr.sine.others.unknown"
0.59808042097624,0.1272793317188,-0.00587618369638632,0.305913697133168,4,15.4400156542754,-21.9276503561698,19.1575355599765,1.36541626250287e-05,"line.ltr.sine.others.unknown"
0.599951576339156,0.280071100954966,0.0617684454699499,0.0048864774390216,4,15.4249715287297,-21.8975621050784,19.1876238110679,1.34502851129324e-05,"dna.line.ltr.sine.others.unknown"
0.581553323873555,0.278886683256806,0.0705241213963548,0.0447682484337326,4,15.2146195917888,-21.4768582311966,19.6083276849497,1.08987528675701e-05,"dna.line.ltr.sine.others.unknown"
0.566811816932259,0.236656927765775,0.0926260980813156,0.0722765475048019,4,15.1762219159381,-21.4000628794952,19.685123036651,1.04881986924039e-05,"dna.line.ltr.sine.others.unknown"
0.499466824417137,0.423483821143979,0.294588965907632,-0.534640346018464,4,15.063049918816,-21.173718885251,19.9114670308953,9.36593053390645e-06,"dna.line.ltr.sine.others.unknown"
0.651510754176367,0.250578856267426,0.487934238201177,-1.14586914125804,4,14.8011423625447,-20.6499037727085,20.4352821434378,7.20785308313791e-06,"dna.line.ltr.sine.others.unknown"
